L,U,V,t,β,δ,uS,ud,wS,wd,ws,QuS,Qud,QwS,Qwd,Qws,Converged,I,f,g,g0,ΔT,μ
256,0.0,4.0,1.0,100.0,0.0,0.2812747083036734,-0.012973486965485323,0.1469531003069786,0.35026014194450733,0.0,0.3062035881049585,0.08233755895933545,0.9945803866611147,0.10534292337982532,0.025273239981126096,true,176,-1.4714564572979059,0.05,0.05,12.03554175,0.0
256,0.0,4.4,1.0,100.0,0.0,0.25678113089405696,-0.015678641619648506,0.18567249577763797,0.3465738148527594,1.0408340855860843e-17,0.28554201055930317,0.07460300181671292,0.9893070224525347,0.3320826261534737,0.0060106559450208855,true,204,-1.567797151275606,0.05,0.05,13.466082379,0.0
256,0.0,4.8,1.0,100.0,0.0,0.23630063882144592,-0.01704501291421423,0.21072542847026265,0.343497934872534,1.0408340855860843e-17,0.2982655131348877,0.06858367852284608,0.9898331693591889,0.38105308046387787,0.01365665017171563,true,188,-1.6684340882616375,0.05,0.05,12.513200513,0.0
256,0.0,5.2,1.0,100.0,0.0,0.2189070765461167,-0.017736172548967352,0.22855544015519136,0.3409031613533815,1.3877787807814457e-17,0.30745834916928727,0.06402182309220988,0.9951432146323436,0.3788500143181439,0.02947746316501969,true,173,-1.7723982119524906,0.05,0.05,11.60470659,0.0
256,0.0,5.6,1.0,100.0,0.0,0.2039414530243414,-0.0180399084776951,0.24194334997843844,0.3386867556647992,1.734723475976807e-17,0.3152210040214265,0.06046868861817045,0.999381799232979,0.3244315179385948,0.054551518215426524,true,161,-1.8790086310379976,0.05,0.05,10.733752797,0.0
256,0.0,6.0,1.0,100.0,0.0,0.1909221279119695,-0.018107041692758577,0.2523660157474359,0.33677051712602674,1.214306433183765e-17,0.3166329963028014,0.056936600760025546,0.9867815512554223,0.22250034727933077,0.08655544515189997,true,152,-1.9877658397617313,0.05,0.05,10.240169867,0.0
256,0.0,6.4,1.0,100.0,0.0,0.17949333071806767,-0.018023795613168803,0.2606811109898105,0.33510853333639723,1.5612511283791264e-17,0.32618698070940866,0.055770431217731786,0.9973197297015179,0.0768949175496969,0.13046846474672746,true,144,-2.098227299891171,0.05,0.05,9.627470557,0.0
256,0.0,6.8,1.0,100.0,0.0,0.16937535379884844,-0.01784460714433518,0.26746246472321367,0.33364801721647275,1.3877787807814457e-17,0.3281949680773999,0.05437245261864093,0.9901984492061144,0.09686532713759632,0.17748592578786485,true,138,-2.2101346953234655,0.05,0.05,9.253297997,0.0
256,0.0,7.2,1.0,100.0,0.0,0.16035501040101433,-0.01760348401546434,0.27307878458625856,0.33236016955970904,1.5612511283791264e-17,0.3299535169302148,0.05382118064885949,0.9861434795461754,0.2931218304401684,0.22937490081016787,true,133,-2.3232250620235284,0.05,0.05,8.852686085,0.0
256,0.0,7.6,1.0,100.0,0.0,0.15226168886938418,-0.017323201184450618,0.2777946352585357,0.33121743340045406,1.734723475976807e-17,0.32816895685677805,0.053465662595966745,0.9767890211724861,0.4976922841775089,0.2816122047070431,true,129,-2.437312473183453,0.05,0.05,8.664536083,0.0
256,0.0,8.0,1.0,100.0,0.0,0.14495945345843808,-0.017018936475292373,0.28179680675818497,0.3302009281923396,1.6479873021779667e-17,0.3354197553106508,0.05518903657562857,0.9975216102172668,0.733887656314991,0.3457459101229055,true,125,-2.5522291050741477,0.05,0.05,8.326190768,0.0
256,5.0,4.0,1.0,100.0,0.0,0.2812744448562905,-0.012973503307625117,0.14695325365535417,0.3502602428278603,-1.0417952542307596e-9,0.2987686255434552,0.08186504047461018,0.9888512716790809,0.11997794317242239,4.539698654547805e-6,true,179,-1.4714566377537772,0.05,0.05,11.8459195,0.0
256,5.0,4.4,1.0,100.0,0.0,0.2567801797625906,-0.015678898449905013,0.18567591116787913,0.3465725444942235,-2.387393165104168e-10,0.28446328588016545,0.0743503280337815,0.9859782320252863,0.3313804932163489,1.1217611880957895e-6,true,205,-1.5678027423912944,0.05,0.05,13.465492318,0.0
256,5.0,4.8,1.0,100.0,0.0,0.2362985763966447,-0.017045514394990996,0.21073271997814824,0.34349458085909323,-2.246279297984932e-9,0.2953414788799402,0.06794320334603532,0.9806602427376299,0.3782383840987835,1.1311336641727971e-5,true,189,-1.6684488626257792,0.05,0.05,12.520683869,0.0
256,5.0,5.2,1.0,100.0,0.0,0.21890501676995971,-0.017736641115048288,0.2285628489233627,0.340899231661824,-1.4723000929528496e-8,0.3035839026661047,0.06326442268096005,0.9835284311973669,0.3758989545576963,7.903779501736609e-5,true,174,-1.7724158479548675,0.05,0.05,11.499135104,0.0
256,5.0,5.6,1.0,100.0,0.0,0.20393975656736668,-0.01804027622272708,0.2419496397275699,0.3386830595794419,-6.187845754193622e-8,0.3107735372561704,0.05969028944299154,0.9868706259663629,0.3233303791423392,0.00035250038095506,true,162,-1.8790256970854804,0.05,0.05,10.759384563,0.0
256,5.0,6.0,1.0,100.0,0.0,0.19092094712135105,-0.018107288097136964,0.2523705466345446,0.3367676413110775,-1.7893978391560206e-7,0.3118425154504667,0.056174163638636476,0.9742914457294694,0.2249986461143605,0.0010772859695968643,true,153,-1.9877795768762518,0.05,0.05,10.215303712,0.0
256,5.0,6.4,1.0,100.0,0.0,0.1794926739856875,-0.01802392848940737,0.2606837065937434,0.3351067857252123,-4.356035169985478e-7,0.3208874597714906,0.05498402002596797,0.9846072105879067,0.08480523084086755,0.002761336800046369,true,145,-2.0982359694265025,0.05,0.05,9.623063434,0.0
256,5.0,6.8,1.0,100.0,0.0,0.1693752110021383,-0.017844635739036954,0.26746300651283916,0.3336476384993121,-8.50551222040391e-7,0.3224489405417863,0.0535459055877735,0.977308265037724,0.08255205617180295,0.0056585234856281145,true,139,-2.2101366677243393,0.05,0.05,9.195264701,0.0
256,5.0,7.2,1.0,100.0,0.0,0.16035532579766232,-0.017603424658638497,0.27307734554993207,0.33236123585068245,-1.4665187039568373e-6,0.32366257505250795,0.05291263787196576,0.9725783998564275,0.27157006290590147,0.010208617751550665,true,134,-2.3232193994428294,0.05,0.05,8.806597573,0.0
256,5.0,7.6,1.0,100.0,0.0,0.15226239387313195,-0.01732307084844409,0.2777913722686849,0.33121992462480715,-2.2637632162234717e-6,0.3213229759033709,0.05244797873750484,0.9621433967312853,0.4686598683838472,0.01644411044901658,true,130,-2.4372986884789505,0.05,0.05,8.485036064,0.0
256,5.0,8.0,1.0,100.0,0.0,0.14496049472350106,-0.017018747906444295,0.2817918334109978,0.33020482880907664,-3.3922904882494054e-6,0.32769441449581604,0.05399015622482156,0.9805679999927985,0.6961472762577747,0.02564981107647178,true,126,-2.5522066742878486,0.05,0.05,8.248644262,0.0
256,10.0,4.0,1.0,100.0,0.0,0.2812756549800755,-0.012973143308105686,0.1469489269391731,0.3502612833304263,-1.2858464293330485e-13,0.30767424626276796,0.08257230710364064,0.9972505649368801,0.10548219390593694,4.0874136478122335e-10,true,178,-1.4714515386564657,0.05,0.05,11.84050188,0.0
256,10.0,4.4,1.0,100.0,0.0,0.25677993640572677,-0.01567896623423115,0.18567681759334895,0.34657220215069917,-3.2009117578724045e-14,0.2859977149355375,0.07442801027962576,0.98683795957899,0.327889410783766,1.0721191489316679e-10,true,204,-1.5678042262668286,0.05,0.05,13.550678496,0.0
256,10.0,4.8,1.0,100.0,0.0,0.2362979176548759,-0.017045676305899815,0.2107350852276973,0.34349348737886065,-1.5975276657087534e-12,0.29766343807002826,0.0680439063891064,0.9815511635261065,0.37096315895990273,5.619776811058787e-9,true,188,-1.6684536552748994,0.05,0.05,12.464703629,0.0
256,10.0,5.2,1.0,100.0,0.0,0.21890458110928632,-0.01773674165117857,0.22856446142360884,0.3408983701089316,-3.8905198507244165e-11,0.3083422384421719,0.06369662116595398,0.9887904316687179,0.36356029072359686,1.4333206604196723e-7,true,173,-1.7724196864460093,0.05,0.05,11.406584426,0.0
256,10.0,5.6,1.0,100.0,0.0,0.20393649266039995,-0.018040985045109717,0.24196181309957604,0.33867589636645956,-3.9188949307877863e-10,0.3096941110120599,0.05906449196074054,0.9746599450195514,0.30428477710575663,1.5081181222667081e-6,true,162,-1.8790587278382396,0.05,0.05,10.776010464,0.0
256,10.0,6.0,1.0,100.0,0.0,0.19092154351066626,-0.018107163418964137,0.2523682982021823,0.3367690638913697,-2.639028304912694e-9,0.32381370485368155,0.05776582575574979,0.9975527417760421,0.20090496673130787,1.058279861405061e-5,true,152,-1.9877727598971642,0.05,0.05,10.062562919,0.0
256,10.0,6.4,1.0,100.0,0.0,0.17949147461152096,-0.01802417037550251,0.2606885504640981,0.3351035134887769,-1.0523214017191251e-8,0.32510427971588207,0.05541276192171096,0.9887214195063443,0.0636331851598948,4.387659352777566e-5,true,145,-2.09825214847889,0.05,0.05,9.583240224,0.0
256,10.0,6.8,1.0,100.0,0.0,0.1693749869330603,-0.01784467866372566,0.2674639590882339,0.33364696213394307,-3.2685600314871777e-8,0.32924200131362324,0.054490248055656665,0.9910859029448327,0.10299598172480717,0.00014140836903164849,true,139,-2.2101401356355947,0.05,0.05,9.284627227,0.0
256,10.0,7.2,1.0,100.0,0.0,0.16035595767162464,-0.01760330219286023,0.27307460221724267,0.3323632572260805,-8.230864700572993e-8,0.33274928925036695,0.054315731635577735,0.9960074251815776,0.29063500316695023,0.0003687825248168135,true,134,-2.32320860453487,0.05,0.05,8.797710193,0.0
256,10.0,7.6,1.0,100.0,0.0,0.15226372713063774,-0.01732281983286188,0.27778534012665845,0.3312245192402602,-1.7314476502376663e-7,0.33220975137771,0.05421676997820202,0.9943261792696445,0.4857895616583452,0.000801997418787447,true,130,-2.4372732054660142,0.05,0.05,8.568301388,0.0
256,10.0,8.0,1.0,100.0,0.0,0.14496168934850145,-0.017018529243174943,0.2817861549016664,0.3302092802715988,-3.1126265851669915e-7,0.32466347057519274,0.05354884423735412,0.9768027564969195,0.6713508914525379,0.001488051451521774,true,127,-2.5521810632336166,0.05,0.05,8.392369225,0.0
256,0.0,4.0,1.0,100.0,0.05,0.27855461175878543,-0.012638460192613804,0.14796690362242335,0.3476149419749319,-0.008003322658945017,0.3125920210425015,0.07951589162340233,0.9968586846113014,0.09254572257533233,0.0666510320609208,true,174,-1.5820834655016134,0.05,0.05,415.621539059,0.21932778494109376
256,0.0,4.4,1.0,100.0,0.05,0.2544092562954491,-0.015158364781949082,0.18585649889520028,0.3441907128074039,-0.008727654257236619,0.28671921289114,0.07218823735723884,0.9998172961153129,0.33388748897622555,0.03401043652824509,true,201,-1.6782918903982367,0.05,0.05,472.173010067,0.22100723036641737
256,0.0,4.8,1.0,100.0,0.05,0.2341454238383036,-0.016417984654290063,0.21059459528424865,0.34128051800546555,-0.008777847349676533,0.29374435840495705,0.06490049592927649,0.9839012221178334,0.37792197534802785,0.03818765739119906,true,187,-1.7801405791768714,0.05,0.05,435.963849608,0.22463183612164347
256,0.0,5.2,1.0,100.0,0.05,0.21689859627629832,-0.01703412549834371,0.22828332394365358,0.33879630801379074,-0.008608447683398891,0.29995543651972767,0.05966350331017278,0.9805905955007632,0.3744025727618894,0.05293095666181885,true,173,-1.8861660117111496,0.05,0.05,402.624906324,0.22954192754266364
256,0.0,5.6,1.0,100.0,0.05,0.20203949204349192,-0.017277340412000255,0.2415875296455654,0.3366688769165064,-0.008334028982302413,0.3098638130863418,0.05609188445267893,0.988129435322116,0.32089334422269467,0.0738483264705915,true,161,-1.9952852518293636,0.05,0.05,372.558356453,0.23519615132981703
256,0.0,6.0,1.0,100.0,0.05,0.18909923244077684,-0.017292457880220394,0.25195214850725084,0.33482997906757167,-0.008010139239115007,0.31274139998854755,0.05250233978149749,0.9758950961041846,0.21864493996293088,0.10207527441854353,true,152,-2.1068216165397486,0.05,0.05,353.306882049,0.2413244057763992
256,0.0,6.4,1.0,100.0,0.05,0.1777304794497322,-0.01716334956925554,0.2602231363047589,0.33323714126656845,-0.007675244781905247,0.3236945025389959,0.05131608648178965,0.9869769760547653,0.07328276175744275,0.1455490136982561,true,144,-2.2202486088537485,0.05,0.05,330.27735063,0.24779163211732708
256,0.0,6.8,1.0,100.0,0.05,0.16765865928017115,-0.01694308901505051,0.2669705518048798,0.3318381500888641,-0.007349657257853826,0.32726069371147304,0.05011107303859452,0.9817823780023938,0.09901965220804332,0.19438099715409982,true,138,-2.335266673663875,0.05,0.05,317.250219056,0.25451878856851207
256,0.0,7.2,1.0,100.0,0.05,0.15867384466320206,-0.016664879667194904,0.2725621036689282,0.3306038392195675,-0.007043399851055381,0.33068683580395053,0.04982777742434247,0.9807502920445854,0.29269556305278055,0.25008723943284983,true,133,-2.4515854133453585,0.05,0.05,306.438796914,0.26144230252341777
256,0.0,7.6,1.0,100.0,0.05,0.15060761845219078,-0.016350937395813184,0.27726299580563174,0.3295054395760295,-0.006762076238541861,0.33061152406793637,0.04978676969488727,0.9752214829321648,0.4938379431075335,0.30701520522752496,true,129,-2.569009878818634,0.05,0.05,294.991280055,0.2685233214716653
256,0.0,8.0,1.0,100.0,0.05,0.14332548380167537,-0.016016051703167916,0.2812616736196546,0.3285222600593506,-0.006508639672007624,0.33967847780674854,0.051661509071390666,0.9997284013163465,0.726267649733825,0.376258557481253,true,125,-2.687365202869942,0.05,0.05,290.155437422,0.27571792663431316
256,5.0,4.0,1.0,100.0,0.05,0.2786449434735022,-0.01278100330880888,0.14753450820304514,0.3477175126711549,-0.004400479465544088,0.5276895914319013,0.08048610561531278,0.9996381762022999,0.4975393975081843,0.022919580686840343,true,145,-1.583420544105485,0.05,0.05,332.230101556,0.22268613704575238
256,5.0,4.4,1.0,100.0,0.05,0.2544512851302107,-0.015320772504370472,0.18553442678865395,0.344316055209425,-0.005125617625978587,0.2926133511560458,0.07213143997457372,0.985794548301111,0.2993322446283031,0.017852223710285164,true,191,-1.6802304100553598,0.05,0.05,433.591039093,0.2254991403785779
256,5.0,4.8,1.0,100.0,0.05,0.23413262295356213,-0.016585428726877266,0.210422395686596,0.3413738693108593,-0.005421078076539989,0.30429561430767027,0.06568965251255166,0.9848939304749615,0.3423557491053497,0.014140918130274224,true,180,-1.782412298767563,0.05,0.05,408.763391385,0.2294129860187348
256,5.0,5.2,1.0,100.0,0.05,0.21686034543812238,-0.017192956131032014,0.22815787280529298,0.3388834728134112,-0.005514354567155339,0.31751124879542125,0.061471727556459965,0.9953865609045875,0.324391423277004,0.014002011898625252,true,167,-1.8884203151544832,0.05,0.05,378.410826468,0.23420171846768284
256,5.0,5.6,1.0,100.0,0.05,0.20198231363997576,-0.017428129277753626,0.2415149915957444,0.33673400310243407,-0.005522100322567402,0.32227565809572756,0.05745286040650943,0.9879852612080797,0.25448048580378746,0.016620203287858945,true,157,-1.997562281352229,0.05,0.05,358.51469027,0.23971628377579104
256,5.0,6.0,1.0,100.0,0.05,0.189030837754072,-0.017435857034871466,0.2519287577857824,0.33486685986619824,-0.005481690247232225,0.32489314765765664,0.054101669588420276,0.9761286399513347,0.1423700533168537,0.01741434009619805,true,149,-2.1091579810426797,0.05,0.05,338.043348566,0.2457290244465518
256,5.0,6.4,1.0,100.0,0.05,0.1776553945036362,-0.017298337087320967,0.26023802586250866,0.33324834560032734,-0.005397521413870581,0.3322345992949338,0.05243633931124175,0.9772480853783572,0.010188227530516514,0.017445576323344564,true,142,-2.222604687633159,0.05,0.05,323.428710734,0.25201569989087963
256,5.0,6.8,1.0,100.0,0.05,0.16758312652869878,-0.017068217349261755,0.2669981846924042,0.3318390983532118,-0.005283411531270973,0.34200030488273914,0.05237223587445383,0.9885099373557749,0.19648270785688204,0.020637364083680304,true,136,-2.337536582451101,0.05,0.05,308.509523179,0.258493645322406
256,5.0,7.2,1.0,100.0,0.05,0.15859880528939727,-0.016780213276909303,0.2725969134447061,0.33059797720453526,-0.005154179538041089,0.33585064591196145,0.051088667276405486,0.9637493709444556,0.3775096030254055,0.026138032383826726,true,132,-2.4537461720110705,0.05,0.05,300.795465403,0.26515049521311124
256,5.0,7.6,1.0,100.0,0.05,0.1505361145665846,-0.016456437861779555,0.27728909192979434,0.32950470025430867,-0.005019716213390936,0.3390312818896124,0.05205928752292227,0.9677278928738042,0.5862942806963423,0.03578244809331402,true,128,-2.570987245756848,0.05,0.05,290.266053364,0.2719429036762234
256,5.0,8.0,1.0,100.0,0.05,0.1432578114919462,-0.016112265384131574,0.2812741333683537,0.3285310539204944,-0.004886254728603257,0.3345617293639136,0.05247980940044361,0.9552791967536445,0.784694694991872,0.046834577515057416,true,125,-2.689142425093523,0.05,0.05,291.801979327,0.2788667899281943
256,10.0,4.0,1.0,100.0,0.05,0.27863483947522605,-0.01285130534636933,0.14756581762121623,0.34768768664497895,-0.003038215583257217,0.6739312703464284,0.07664730841151768,0.952264444777251,0.9659614278064721,0.01609572163301272,true,137,-1.5841060384428696,0.05,0.05,309.317813919,0.22391315413326085
256,10.0,4.4,1.0,100.0,0.05,0.25447704833261303,-0.015385304765564378,0.18536164661305388,0.3443660886660698,-0.0036232372542954402,0.30797339523214173,0.07308978329811228,0.9919678662952403,0.2608703981968885,0.01311195576310896,true,183,-1.6809129628936605,0.05,0.05,414.708000486,0.2273176921241056
256,10.0,4.8,1.0,100.0,0.05,0.23413081251834494,-0.01665997287816287,0.21032976913284102,0.34140505391864545,-0.0039233904002776675,0.31970507947376436,0.06684373875509575,0.9933208753892808,0.2981484283953728,0.01110220217503434,true,174,-1.7833651494481202,0.05,0.05,393.487101925,0.23155753379055152
256,10.0,5.2,1.0,100.0,0.05,0.21683770679327258,-0.01727050853473433,0.22812025104092357,0.3388959719055141,-0.004064890178027223,0.32724600716638186,0.06118890475606542,0.9819705050397864,0.25842867683867343,0.009726543121835532,true,163,-1.8895307915996817,0.05,0.05,369.444086529,0.2364559260135158
256,10.0,5.6,1.0,100.0,0.05,0.2019537466827352,-0.017502696748953217,0.24147865550445377,0.33675169145228745,-0.004126600325599538,0.3417826969603355,0.05859357086833439,0.9948146052594087,0.16552500297617456,0.010903633925253911,true,153,-1.99864078094337,0.05,0.05,350.236653015,0.2419263076818666
256,10.0,6.0,1.0,100.0,0.05,0.1889964118133344,-0.01750824685194191,0.2519034391067865,0.3348815908318918,-0.004152108812292853,0.34212779470027543,0.055378559874440236,0.9792702617615889,0.040798495942739876,0.012772175774984282,true,146,-2.110241460697858,0.05,0.05,330.24993175,0.24790571884134818
256,10.0,6.4,1.0,100.0,0.05,0.17761545132183748,-0.017370062437038675,0.2602366316842237,0.33324913946244006,-0.0041508693041966156,0.34521300279066747,0.05342605415799978,0.9742176573129813,0.11460731058088314,0.012626095550636804,true,140,-2.2237754591490937,0.05,0.05,318.254286235,0.2542182047827392
256,10.0,6.8,1.0,100.0,0.05,0.16753921570773037,-0.01713855462591138,0.267019160564408,0.33182508844422454,-0.0041198297852482,0.3473824954862703,0.05221520709487032,0.9706874592724235,0.2921834030630288,0.01132265726682194,true,135,-2.3387912960565442,0.05,0.05,308.218044005,0.26069904616810086
256,10.0,7.2,1.0,100.0,0.05,0.15855465928090032,-0.01684763474044261,0.2726243443753084,0.33057952375655875,-0.004065818797890742,0.3455914729945109,0.05148702611512679,0.9626277107998016,0.4765655447036554,0.010984378033873643,true,131,-2.455005005700291,0.05,0.05,300.139707487,0.2673025153555651
256,10.0,7.6,1.0,100.0,0.05,0.150492793073286,-0.016520293771792982,0.2773173664392079,0.32948568857609317,-0.0039980828410995034,0.3530531709923235,0.05299924169623049,0.9838962654395988,0.690577972870865,0.012397951624880388,true,127,-2.572212700635714,0.05,0.05,288.802189002,0.27400925889585376
256,10.0,8.0,1.0,100.0,0.05,0.1432161493544632,-0.016172222246063905,0.28129819663889477,0.3285153608396928,-0.003923155674804913,0.3518129309228457,0.053884022518609076,0.9872097944420011,0.8915931322587278,0.014646161317403983,true,124,-2.6903021496954986,0.05,0.05,286.896200605,0.2808290815214177
256,0.0,4.0,1.0,100.0,0.1,0.2704288128399992,-0.011614956343730568,0.15127455047529353,0.3394356455755937,-0.016256287030925458,0.32789003842548237,0.07012248360805176,0.9960059542479249,0.0622039645283845,0.10930193457014264,true,170,-1.6976700698995413,0.05,0.05,402.892750948,0.44356384844934454
256,0.0,4.4,1.0,100.0,0.1,0.2472694995437659,-0.01361068421114689,0.18676175189094768,0.3367693680569975,-0.017561697035973458,0.27857235616757237,0.06178881507982667,0.990272973544315,0.32826330081303645,0.06508241922165842,true,195,-1.792376105644154,0.05,0.05,459.466664344,0.44755077509642766
256,0.0,4.8,1.0,100.0,0.1,0.22766416428818392,-0.014555332694619685,0.21045610369828355,0.3343865084031077,-0.017642559330892125,0.2877101701380669,0.05522812769220148,0.9871550304691445,0.37376380932463427,0.06806780505850402,true,183,-1.8944073448694205,0.05,0.05,434.886597844,0.4552297667355128
256,0.0,5.2,1.0,100.0,0.1,0.21087354296991523,-0.014946324279200465,0.227613177714502,0.3322840878515717,-0.017270237870216542,0.2981139729868465,0.04907125005228566,0.9838480958584417,0.36153978393527186,0.07004165549578945,true,170,-2.0017122020722007,0.05,0.05,409.389742106,0.46535667771801015
256,0.0,5.6,1.0,100.0,0.1,0.1963517501303482,-0.015010382078493839,0.24057032450269453,0.3304762863165918,-0.016682763216578547,0.3082720095128333,0.04569857099308294,0.9895809670774081,0.30396674440791305,0.09888581274725139,true,159,-2.112698775244017,0.05,0.05,380.542511114,0.47703486614739826
256,0.0,6.0,1.0,100.0,0.1,0.18365533826775776,-0.014884570445261786,0.25079452464106056,0.32883891019886113,-0.016094443641122145,0.3142475168342318,0.042910765786254024,0.9930485735126782,0.219701624182278,0.13982902055303947,true,151,-2.2269280679596113,0.05,0.05,359.415681004,0.489964182164169
256,0.0,6.4,1.0,100.0,0.1,0.17247004199734833,-0.014631084011357695,0.25897423393507946,0.32741862073882433,-0.015458498078885063,0.3192691320242913,0.039156675921542955,0.9711142689075025,0.07343360528122567,0.164045665874836,true,144,-2.343326004315375,0.05,0.05,330.794193006,0.5035883824442129
256,0.0,6.8,1.0,100.0,0.1,0.162551090358035,-0.01429667465941585,0.2655950924739799,0.32621653756089136,-0.014799999640051279,0.33860627451182124,0.03927263684758847,0.9929587970329834,0.12073510654597719,0.2179582922646646,true,137,-2.461259931574405,0.05,0.05,304.018726442,0.5176967709514324
256,0.0,7.2,1.0,100.0,0.1,0.15368675551880115,-0.013917061367411873,0.2710928153261771,0.3251525709321019,-0.014176277965179191,0.3332091206619814,0.038349027047843154,0.9670713593725733,0.289064444448317,0.2686733699505811,true,133,-2.5807109132933874,0.05,0.05,298.700950446,0.5322936180742158
256,0.0,7.6,1.0,100.0,0.1,0.14571547873692003,-0.013514487299165462,0.2757525932293214,0.3241782784582147,-0.013626230265544397,0.3397965481128917,0.039765106779103554,0.9863323385038703,0.4690944689953458,0.3395058890591843,true,129,-2.7015587055541794,0.05,0.05,280.139627153,0.5472804738823669
256,0.0,8.0,1.0,100.0,0.1,0.13850114820856374,-0.013101996085147172,0.27979534166492237,0.3232448405230249,-0.013158342669734046,0.33992518949543804,0.03989645645122858,0.9875170751264539,0.6422943189757779,0.39523354710391256,true,126,-2.823814215438601,0.05,0.05,273.583402364,0.5626022018465329
256,5.0,4.0,1.0,100.0,0.1,0.2706862997944928,-0.012234516260510614,0.1498244671508182,0.3398046585886806,-0.008917909751511292,0.4902792983488835,0.02633386875497759,0.36071754836508596,0.9547189825763747,0.018615279153151587,true,139,-1.7000652225109538,0.05,0.05,330.701326655,0.4504493099987973
256,5.0,4.4,1.0,100.0,0.1,0.24744244699368803,-0.014272534143375135,0.18539397566035598,0.33731736623266695,-0.010271131199978065,0.3381232773570497,0.06530577575912522,0.9873264569869034,0.15510311632804807,0.03487349722076927,true,168,-1.7955264106529847,0.05,0.05,399.147599578,0.45655932497040397
256,5.0,4.8,1.0,100.0,0.1,0.22761696380569219,-0.015236910006779167,0.2097245658799144,0.33478738637646216,-0.010875571190291228,0.33182758637601006,0.05922199610744472,0.9977511298919772,0.24132255304709638,0.03262882638713563,true,166,-1.8986746301078494,0.05,0.05,394.811552656,0.46486159776017255
256,5.0,5.2,1.0,100.0,0.1,0.21071018680444087,-0.015598880410791952,0.22716032782915782,0.3326087068310426,-0.011068903063836661,0.33401900849017174,0.05233986113239997,0.9761487340357866,0.2044458236425406,0.027659897741002387,true,158,-2.006301929352813,0.05,0.05,381.854551735,0.4748677646664129
256,5.0,5.6,1.0,100.0,0.1,0.19611393248405715,-0.015631979705102717,0.24036961172409663,0.3306826490418959,-0.011098064437315746,0.34627129660119715,0.04983724717105842,0.9905318071005142,0.12605117316755177,0.03251378964447618,true,150,-2.1177012036710936,0.05,0.05,358.416232887,0.4863712343821999
256,5.0,6.0,1.0,100.0,0.1,0.18338962398348135,-0.015455813994310785,0.2506379148088227,0.32903500649204476,-0.010975320263727769,0.35494750766495997,0.04581208573049139,0.9783282174734564,0.01652041635447077,0.026097394935462037,true,143,-2.231647342134403,0.05,0.05,339.996107681,0.4987000869205081
256,5.0,6.4,1.0,100.0,0.1,0.17220188262510983,-0.015155792884829836,0.258815105086678,0.32762204197770983,-0.010778907674687472,0.36717775827488364,0.04619403245629747,0.9929105096733171,0.18124654163576004,0.035094216533131106,true,137,-2.3476378680093086,0.05,0.05,310.408534731,0.5117374170424565
256,5.0,6.8,1.0,100.0,0.1,0.1622676576845956,-0.014792899187159217,0.2655885584912959,0.32630731519816303,-0.010601322133480792,0.3656160483150872,0.046254008463659374,0.9882953884450263,0.32969076325661817,0.04750707099037202,true,133,-2.4658945145873097,0.05,0.05,296.747498566,0.5255633979165502
256,5.0,7.2,1.0,100.0,0.1,0.15339604483753172,-0.014381937589310043,0.27119777937224193,0.3251544638570583,-0.010386460573542484,0.3714548670259443,0.04565892840435043,0.9873156612304479,0.5235176354753124,0.04749072067274096,true,129,-2.585527811358064,0.05,0.05,290.326271312,0.5397480192675347
256,5.0,7.6,1.0,100.0,0.1,0.14543502100157596,-0.013938890563165454,0.2758268296876384,0.3241996371400757,-0.010118487250582533,0.3677656401209761,0.04594716847181046,0.9704338393485834,0.708147433808537,0.055014162745191386,true,126,-2.7059430936631665,0.05,0.05,277.421644928,0.554159501138266
256,5.0,8.0,1.0,100.0,0.1,0.13824542013919355,-0.013484331439434935,0.2797282655525743,0.32337622114993986,-0.009839416550455568,0.3706150404596542,0.04825309536155703,0.9749378504076978,0.9137786560899919,0.07024222124894439,true,123,-2.827212392016972,0.05,0.05,271.984514309,0.5688230107938496
256,10.0,4.0,1.0,100.0,0.1,0.2707201009114165,-0.012485710589768412,0.14947799291577069,0.33983548063366986,-0.00614706804066693,0.3120322239622553,0.01790355182286832,0.2316953826942414,0.998343712880545,0.0043045944540971715,true,143,-1.7012468582263152,0.05,0.05,344.897067189,0.4532879589633435
256,10.0,4.4,1.0,100.0,0.1,0.2475081163199758,-0.014549539070223341,0.1848499246149737,0.33746088700439514,-0.007258429991204008,0.44958709883424763,0.06713062494355035,0.9777852836336254,0.18675449193661375,0.027796400122924447,true,151,-1.7966444817549923,0.05,0.05,365.03044778,0.46013719930138536
256,10.0,4.8,1.0,100.0,0.1,0.22760464788635426,-0.015535713114612326,0.20934386821735043,0.3349205974459947,-0.007845275857798827,0.3889688205054864,0.060381314816206066,0.9775775270945419,0.015469031867110239,0.024681212324142998,true,154,-1.9002111563662,0.05,0.05,374.285709832,0.46895863541193145
256,10.0,5.2,1.0,100.0,0.1,0.21063206027186704,-0.015912892503535767,0.22697131131551157,0.3326781915479548,-0.00815975333506782,0.3965420219868565,0.05562558405782653,0.9895970781451657,0.031761713561340166,0.0222150654255876,true,148,-2.008387533421076,0.05,0.05,362.645033894,0.4793569035775031
256,10.0,5.6,1.0,100.0,0.1,0.19600678008691808,-0.0159327651117544,0.24019293458282853,0.3307723206739942,-0.008284498788780782,0.4012606431635368,0.05250528214032629,0.9870159070095585,0.14525380961605272,0.023841721937194194,true,142,-2.119693655372063,0.05,0.05,345.360338964,0.4907430921474951
256,10.0,6.0,1.0,100.0,0.1,0.18325049771836455,-0.01575856356315075,0.25059087526893725,0.32905616064579435,-0.008345991498017574,0.4044504755922884,0.05038921821737957,0.9897894763607473,0.27996910650152085,0.025093667084311738,true,137,-2.234074008043291,0.05,0.05,323.405888626,0.5032366280258008
256,10.0,6.4,1.0,100.0,0.1,0.17204430109850122,-0.015446908407454968,0.25882815969739725,0.3276123556058259,-0.008305051284221557,0.4153027413456023,0.04886291069945009,0.9995444972618062,0.47329592365064066,0.022149053267368768,true,132,-2.350197505611504,0.05,0.05,301.647378327,0.5161734787897523
256,10.0,6.8,1.0,100.0,0.1,0.16211648075641424,-0.01505881228834706,0.26551394752097807,0.32636892137291507,-0.008216137595689742,0.4021086307310906,0.04760649004798348,0.9724762789913299,0.6261172541557336,0.02497040767270378,true,129,-2.467951831082685,0.05,0.05,293.587006151,0.5296584222465143
256,10.0,7.2,1.0,100.0,0.1,0.15324333688745972,-0.01463903558410995,0.2711457316863437,0.3252034726419631,-0.00814519251089223,0.40071831010346504,0.04862079690345564,0.9827705106966178,0.7881321379848982,0.03025359078016876,true,126,-2.5876162802601157,0.05,0.05,287.77269663,0.5437753682709525
256,10.0,7.6,1.0,100.0,0.1,0.1452693309843164,-0.014194396148387398,0.27589755369037416,0.32415573535040443,-0.008057877001342948,0.3873859619621389,0.04716802431877637,0.9612496393193171,0.9256833964924605,0.028342235127255117,true,124,-2.708573087711216,0.05,0.05,277.561686591,0.5582536728531451
256,10.0,8.0,1.0,100.0,0.1,0.13807862760471679,-0.013728105462440354,0.27983476881531644,0.3233044076923011,-0.007916775671158772,0.34136592465089377,0.04275303705852246,0.8573424487754444,0.9722859279817087,0.027162301611819567,true,124,-2.8300238294585665,0.05,0.05,276.143160929,0.5729075746861144
256,0.0,4.0,1.0,100.0,0.15,0.2570329223752631,-0.009803050567329455,0.1575453480810359,0.3249561598901853,-0.02511992460467734,0.34424865519477876,0.053293126118816175,0.9874804130303727,0.038561069600540065,0.14836994278339538,true,167,-1.8214327876484773,0.05,0.05,359.0387026,0.6761859582003675
256,0.0,4.4,1.0,100.0,0.15,0.23537987227925178,-0.011011681887537969,0.1891616525216152,0.32355305073289675,-0.02666730774249946,0.279713913175772,0.045280153667361794,0.9961737196172993,0.3136796066481873,0.1014377557381832,true,184,-1.913997625917918,0.05,0.05,397.019363022,0.6837089952419279
256,0.0,4.8,1.0,100.0,0.15,0.21682839665925413,-0.011466543418774441,0.21104016471020529,0.3220695494611722,-0.026701181034409986,0.2886389714487625,0.037543717453219355,0.9926212425063752,0.35068227977208544,0.09085488162276917,true,175,-2.015677082092844,0.05,0.05,376.985398351,0.6963416135465063
256,0.0,5.2,1.0,100.0,0.15,0.20080389768027626,-0.011508587860032879,0.22721253736910393,0.32062482302737305,-0.026137305812784763,0.293488158279398,0.03130544877263247,0.9869154680728354,0.34580120342164733,0.10195849218313374,true,166,-2.1239438068348666,0.05,0.05,353.08155621,0.712578172195173
256,0.0,5.6,1.0,100.0,0.15,0.18686741462046422,-0.011297008442937573,0.2394845644852618,0.3193901825121588,-0.02523865881538085,0.30617522537351727,0.02795530624673248,0.9868688324766728,0.27540201789943985,0.1281555325682998,true,156,-2.236526463495068,0.05,0.05,331.076247319,0.7311942767635661
256,0.0,6.0,1.0,100.0,0.15,0.1746105940245324,-0.01094965839576828,0.2493431134923908,0.3181533234886332,-0.02434440939147757,0.30877219150954316,0.023118618438729838,0.9761020095392925,0.20640163397567246,0.15256911596533973,true,150,-2.3532404697705047,0.05,0.05,316.590150004,0.7517100183170818
256,0.0,6.4,1.0,100.0,0.15,0.1637941405392045,-0.010501320485086674,0.25709247139193236,0.31720127212282995,-0.02331507719520822,0.34157932293410465,0.022012040573719804,0.9960059777416319,0.01322662299729771,0.19295099556063122,true,141,-2.4719363523073206,0.05,0.05,295.801810286,0.7733284000143428
256,0.0,6.8,1.0,100.0,0.15,0.1541593706319756,-0.010012376208618362,0.26353037936582413,0.31628873700856003,-0.022376281284788965,0.3258084411659201,0.022575392616026868,0.9789861163147506,0.06327389319826793,0.25519535543937905,true,138,-2.593206211010082,0.05,0.05,290.358721705,0.7961475535297019
256,0.0,7.2,1.0,100.0,0.15,0.1455038240160641,-0.009500623254724103,0.2690723984071215,0.3153343464325533,-0.021562857037195036,0.337732250347611,0.019351771281515134,0.993606943365366,0.19277072866519251,0.2930914221360853,true,134,-2.716879933071394,0.05,0.05,285.769930378,0.8196880074256597
256,0.0,7.6,1.0,100.0,0.15,0.13772182302465577,-0.008963712435410914,0.2735394359131645,0.3146570209960283,-0.02066085105271582,0.35374998457810003,0.01925216522852269,0.9660396047964648,0.4586101249174357,0.3325782087909776,true,129,-2.8410253885975516,0.05,0.05,271.722067127,0.8436198255289754
256,0.0,8.0,1.0,100.0,0.15,0.13069522938272424,-0.008425881620122977,0.2771860496589735,0.3141842598209583,-0.019760266248539875,0.36983275321250675,0.022304278543341938,0.9875032938844175,0.6868176251982883,0.40798797509120077,true,125,-2.9656930271818354,0.05,0.05,263.407785249,0.8680692296468544
256,5.0,4.0,1.0,100.0,0.15,0.25764519248719964,-0.011278099249879228,0.1538152705767328,0.32602905626540335,-0.01368839722790854,0.24775698183598927,0.02992380352011617,0.4625295186079792,0.9673370319477348,0.027304195293665484,true,145,-1.8243890146025694,0.05,0.05,309.685727413,0.6878034341578515
256,5.0,4.4,1.0,100.0,0.15,0.2356515878032046,-0.012603425939814145,0.18638705941323513,0.3247274699194808,-0.015550105476244771,0.5857608256173985,0.05391104299544078,0.9776458843983593,0.547661570743041,0.058366179456783435,true,140,-1.918296417638401,0.05,0.05,298.576966251,0.6974084251181486
256,5.0,4.8,1.0,100.0,0.15,0.2166841457861552,-0.013061665188652663,0.20943549016648028,0.32299009973437603,-0.016416422584203196,0.44113432085629567,0.0468044657197797,0.9954359584011807,0.11969695009494963,0.05018334145492215,true,147,-2.0219223336380603,0.05,0.05,313.553629114,0.7110434574462454
256,5.0,5.2,1.0,100.0,0.15,0.20041770765722572,-0.013030162024373862,0.22623194419417547,0.3213599922462168,-0.01673704390243438,0.41215911891168133,0.04185022375729694,0.9923657100399108,0.07478764280466343,0.051595494187851865,true,145,-2.131036168757734,0.05,0.05,308.279329926,0.7271936804945427
256,5.0,5.6,1.0,100.0,0.15,0.18634040170387017,-0.012718412395599565,0.23890964208105953,0.31995389623691867,-0.016721682602043042,0.4161306775432583,0.03723706790125306,0.9876438757734918,0.1687466629605172,0.04693713839578478,true,140,-2.2440119344175207,0.05,0.05,297.249140609,0.7452602380073934
256,5.0,6.0,1.0,100.0,0.15,0.17401145263934734,-0.012271104044163109,0.24900266621070272,0.31859967251603727,-0.01660073573144551,0.4178960688476785,0.03477052669829256,0.9964779658385714,0.26224047666056904,0.04869966917490226,true,136,-2.360810184142562,0.05,0.05,288.60745358,0.7651003253911279
256,5.0,6.4,1.0,100.0,0.15,0.1631694757758388,-0.011717998439546615,0.2568785442234376,0.3175673277570405,-0.016288778776579006,0.41851680324639373,0.03404897490015893,0.9819719119317227,0.4158883143352554,0.05258853634489136,true,132,-2.4793091065385715,0.05,0.05,279.863416894,0.785948310680642
256,5.0,6.8,1.0,100.0,0.15,0.15350507302436833,-0.01114601232962717,0.2635785865447676,0.3164590695385386,-0.016032748870215868,0.4027785307145204,0.03407320138690273,0.9739716479845173,0.48597758776802724,0.06654985603161273,true,130,-2.600998831807138,0.05,0.05,271.418700994,0.8080781278384133
256,5.0,7.2,1.0,100.0,0.15,0.14488007928408628,-0.01053368895871891,0.2689484661329756,0.31563495483990495,-0.015652896296209348,0.4223994813098986,0.03444715696144726,0.9927367191241432,0.698610451955628,0.06593873377387649,true,126,-2.723438288490728,0.05,0.05,266.283259701,0.8306657391071851
256,5.0,7.6,1.0,100.0,0.15,0.1371382922469524,-0.009915628618271444,0.2733241221815669,0.31501710051587367,-0.015219371252859788,0.4281753727697901,0.03818021238467806,0.9988249479345734,0.8938509114392312,0.0846664797882167,true,123,-2.8467148847450305,0.05,0.05,261.864184173,0.8538982762204
256,5.0,8.0,1.0,100.0,0.15,0.1300926478335429,-0.009333624019699546,0.27743106896402203,0.31414900367049203,-0.014936747900209196,0.40906926625577933,0.03836082002507679,0.9803765404813314,0.9614465425403784,0.09769853733137407,true,122,-2.9731052819486967,0.05,0.05,260.76654588,0.8780238662899211
256,10.0,4.0,1.0,100.0,0.15,0.2580818176757338,-0.011758898583652491,0.15137490266786174,0.32659656308002616,-0.00933645847230058,0.16135640840087007,0.06645648351829778,0.9921716371021905,0.42654162409283547,0.043733262567114545,true,183,-1.8244671343624161,0.05,0.05,387.883267338,0.6928611803549034
256,10.0,4.4,1.0,100.0,0.15,0.23567954077554476,-0.013272184744317711,0.1855461032121094,0.3249155617685831,-0.010963116025249117,0.4851306319906823,0.019322637188540215,0.3010504548121573,0.9985205912677042,0.01899082576472047,true,138,-1.9202058019941974,0.05,0.05,295.504311312,0.7029531389604432
256,10.0,4.8,1.0,100.0,0.15,0.21660439529152758,-0.013768412604571331,0.2087843119232743,0.3231932927518206,-0.011830734332896886,0.6459852650135822,0.047286162865301656,0.8628311078822115,0.9612248261380296,0.04045454538238735,true,132,-2.02406541993808,0.05,0.05,278.121582074,0.7168920816211901
256,10.0,5.2,1.0,100.0,0.15,0.20023478465270192,-0.013744250732781169,0.2257805162084962,0.32153750664912534,-0.012292869848078506,0.6274713013044164,0.04895616618601217,0.993219405282797,0.8757667046401796,0.042448305676397874,true,130,-2.1336693290505253,0.05,0.05,274.7859758,0.733428388471179
256,10.0,5.6,1.0,100.0,0.15,0.18606593465636187,-0.01343631810931352,0.23874883824174914,0.32000538695694813,-0.012527838024981204,0.5695377220725217,0.045478409469574405,0.9903208886093418,0.8221942474975208,0.04219368593322975,true,129,-2.2475416972717848,0.05,0.05,271.906634803,0.7519076618487418
256,10.0,6.0,1.0,100.0,0.15,0.17371808251714488,-0.01294537226361439,0.2487358146979835,0.31876060973867293,-0.012560672554958744,0.5359049578069208,0.04280751313735093,0.9700136237674184,0.8857842582742359,0.04196922800643599,true,127,-2.363868067335798,0.05,0.05,272.201663882,0.7715497005488706
256,10.0,6.4,1.0,100.0,0.15,0.1628136659862177,-0.012388662800564151,0.25694689165842477,0.3175153518521453,-0.012563277200867359,0.5186412267961793,0.04155158791763203,0.9869170449272602,0.9545467120153361,0.0423950206380197,true,125,-2.4834965526700947,0.05,0.05,264.012387986,0.7925600486884116
256,10.0,6.8,1.0,100.0,0.15,0.15317177712915792,-0.011757151964827822,0.2633797388996255,0.3166238067621524,-0.01241549988885849,0.4512114100052034,0.03687796995542961,0.8753720579629531,0.9694825708188581,0.03902363082907562,true,125,-2.60405424741807,0.05,0.05,263.892422359,0.814327773253554
256,10.0,7.2,1.0,100.0,0.15,0.14452076666186958,-0.01113633008898969,0.2689829573737983,0.3156288451735323,-0.012316558474689602,0.4037316808550573,0.03396705610203901,0.8152911365458815,0.9642921909235325,0.037847032817731746,true,125,-2.7274759808980136,0.05,0.05,261.788402493,0.8371247942973369
256,10.0,7.6,1.0,100.0,0.15,0.13675346598378552,-0.010496517783264589,0.27357920805812563,0.31484250183368956,-0.012153098560952522,0.36569999677982246,0.03228296668418909,0.7690426984487964,0.9606244080747617,0.038692067460634194,true,125,-2.851706086966077,0.05,0.05,260.187216571,0.8603857455453563
256,10.0,8.0,1.0,100.0,0.15,0.12976319861890628,-0.009846714601370918,0.2772103183719875,0.31436971161412386,-0.011889838082172218,0.3073035209685826,0.02885818080849284,0.6374343971906615,0.9576249109595203,0.0379424702885052,true,126,-2.97582509906207,0.05,0.05,262.379106697,0.8840676323058376
256,0.0,4.0,1.0,100.0,0.2,0.2386420929886458,-0.006907278336973799,0.16783394705153148,0.30261122598645696,-0.0352108867076953,0.35782277310192345,0.028542477895524693,0.9889134943713018,0.05065446798246942,0.1835222702025463,true,166,-1.9555311218980953,0.05,0.05,338.508346754,0.9175289245665014
256,0.0,4.4,1.0,100.0,0.2,0.21881403877342526,-0.007198465612741178,0.19461889288979545,0.30288519501995365,-0.03655790701952995,0.2822193637552761,0.018765246828093135,0.9858674026944625,0.295144662523561,0.14169700462726698,true,175,-2.0468399764837315,0.05,0.05,364.997210776,0.9305614628877034
256,0.0,4.8,1.0,100.0,0.2,0.20165467487269845,-0.007043238669474344,0.2137824152574861,0.3027465286383426,-0.036334067679440835,0.2814064698794527,0.010750604224788601,0.9810205662657001,0.33621990722476625,0.129956800639347,true,169,-2.1483159972845045,0.05,0.05,346.424033002,0.9496650449456246
256,0.0,5.2,1.0,100.0,0.2,0.1867121034359731,-0.006638819225740986,0.22817939457494343,0.3024307135457596,-0.03541641614460134,0.2815968274882952,0.006358438628440571,0.9814884793416523,0.33793214955935014,0.1496358797247882,true,162,-2.2572121365899784,0.05,0.05,331.338676808,0.9732740243674485
256,0.0,5.6,1.0,100.0,0.2,0.17361339850275026,-0.0060864848153710654,0.23926922516617127,0.3021191560948898,-0.03414891788855641,0.3225913216503007,0.0010235565758524162,0.9921014315556476,0.215022826446587,0.14917354108073821,true,151,-2.3713029078330083,0.05,0.05,306.505081603,1.0000495238720528
256,0.0,6.0,1.0,100.0,0.2,0.16201572908331802,-0.005467147196608291,0.2484367979005417,0.3015255462507265,-0.03294386260529837,0.2979158628986234,0.005279769557003586,0.9845354714628773,0.2505559387205869,0.17938138555988192,true,150,-2.490624029265735,0.05,0.05,310.435887665,1.0294105391551396
256,0.0,6.4,1.0,100.0,0.2,0.1517550509894862,-0.004791450627050095,0.2553716896221267,0.3013755881640855,-0.031458693471077194,0.3665673478631115,0.0038219446797677775,0.9828095787690616,0.07589304213051484,0.205757341325552,true,138,-2.6114284890885724,0.05,0.05,289.176397529,1.0603323503200526
256,0.0,6.8,1.0,100.0,0.2,0.14260637392753744,-0.004170160837230805,0.2614772330277928,0.3008745428619706,-0.03026665490075462,0.30354136223509354,0.002468403015126741,0.9892838316926111,0.06522032267364253,0.27310441532583246,true,140,-2.736856454980888,0.05,0.05,287.339187983,1.0937904688410236
256,0.0,7.2,1.0,100.0,0.2,0.1346191339293944,-0.0037485215501225633,0.2661487245104305,0.30068861839907324,-0.028947484713595643,0.343754660771578,0.003815755517607572,0.9831109721765152,0.20633972801809009,0.30919449013276645,true,133,-2.8644540680919963,0.05,0.05,276.022099475,1.1308396323228609
256,0.0,7.6,1.0,100.0,0.2,0.12751338646771332,-0.003421142394101309,0.26997010298819035,0.30057442556515435,-0.02769545723414088,0.36148585940060096,0.005244575334303371,0.9912023887750365,0.3889869198633322,0.3723869135509039,true,129,-2.9942260734236585,0.05,0.05,266.063453411,1.1702963301664338
256,0.0,8.0,1.0,100.0,0.2,0.12113519397826548,-0.0031577345777159954,0.2731798239373698,0.30047930408038703,-0.02652332014424077,0.3713201705891622,0.006742077012389207,0.9912960295215267,0.5561745699471654,0.43030040044853696,true,126,-3.1258416368649677,0.05,0.05,258.695272217,1.211514271341879
256,5.0,4.0,1.0,100.0,0.2,0.2397120857460676,-0.009827143803177396,0.16039603196992194,0.30515218223109275,-0.018945889648434272,0.02384777610997535,0.045808280909727384,0.9994218294574475,0.7233195289235717,0.08092276987120561,true,163,-1.959385402741526,0.05,0.05,336.266974757,0.9367315632126546
256,5.0,4.4,1.0,100.0,0.2,0.21901057451030725,-0.010289669543594046,0.1902004716693007,0.3050052750216098,-0.02119353993146761,0.5137837340157825,0.012227816962962629,0.26380421612581806,0.9964431253975947,0.02821850132643522,true,138,-2.053475432534066,0.05,0.05,284.773281788,0.9507034802370508
256,5.0,4.8,1.0,100.0,0.2,0.20126312835184512,-0.010058411973774523,0.21105609352174876,0.3044755891087184,-0.022228722645848943,0.7005856500780228,0.02990757863075011,0.8864076176457458,0.9515201083570846,0.07209095970088508,true,131,-2.1568939051274483,0.05,0.05,274.329117628,0.9699791465032827
256,5.0,5.2,1.0,100.0,0.2,0.18593748953928724,-0.009483670315037426,0.2265488307022996,0.30377619068066364,-0.02261245306023394,0.6267337630865288,0.02678681055346549,0.9843247581515779,0.7291395768094233,0.07367892047947106,true,131,-2.267272581531928,0.05,0.05,270.516120051,0.9933610311829589
256,5.0,5.6,1.0,100.0,0.2,0.1726093025355684,-0.008736877562415993,0.23844524682132867,0.30305834579490676,-0.0226234359246096,0.5523041144769314,0.023602137652706245,0.9862191859357217,0.6019563147473539,0.07753468182628703,true,131,-2.382553067574363,0.05,0.05,272.414747632,1.0195635773907679
256,5.0,6.0,1.0,100.0,0.2,0.16094711005999582,-0.007894066737333907,0.2475816436165571,0.30256093339455115,-0.02233464449981438,0.5251808311216299,0.021949662282777505,0.972694691885434,0.6461648821289856,0.07785465266178099,true,129,-2.500795995400556,0.05,0.05,266.512846245,1.0478142957521515
256,5.0,6.4,1.0,100.0,0.2,0.15057566621866372,-0.007040399830320662,0.25534766978685686,0.301800940550468,-0.022045242801290443,0.49524384128984966,0.015991179826537263,0.9640717653296438,0.6456794126048493,0.06653398886757173,true,128,-2.6233667264351963,0.05,0.05,264.28160569,1.0778562348557486
256,5.0,6.8,1.0,100.0,0.2,0.14143205387675345,-0.006190140188102614,0.2611947533516929,0.3015159161172365,-0.021531358874825688,0.48171457517881544,0.020365923877095973,0.9720964119919184,0.7206336160123783,0.09484102181465948,true,126,-2.7467167204435827,0.05,0.05,263.551063856,1.109579330772386
256,5.0,7.2,1.0,100.0,0.2,0.13341001358421867,-0.005572102037728149,0.26620905694794617,0.30104997616410983,-0.021061866990888335,0.476217459499495,0.024117846061301462,0.9843757947252119,0.8140872989123027,0.09711745887296813,true,124,-2.8744993648705073,0.05,0.05,262.964693844,1.145155731144143
256,5.0,7.6,1.0,100.0,0.2,0.12633492114509026,-0.0050768838201544625,0.2700887514069517,0.3008636956029088,-0.020489417540498572,0.4743176254988768,0.026751184682677343,0.9800229860467136,0.9443435298900349,0.11130726909069216,true,122,-3.0036781983492014,0.05,0.05,253.450787612,1.183386704735106
256,5.0,8.0,1.0,100.0,0.2,0.12000130399513571,-0.004670087716425256,0.273339088887377,0.30070582897243625,-0.019919395154698254,0.4321457562471154,0.02663042174686457,0.8960170455523109,0.9769665094003788,0.1148950651902736,true,122,-3.1349016382606463,0.05,0.05,248.817974455,1.2237299235923043
256,10.0,4.0,1.0,100.0,0.2,0.24062643656612542,-0.010756066261336447,0.15518627179650968,0.306540048086712,-0.012759078820809757,0.19899218350366565,0.0531091271710922,0.9888304748170706,0.33941691630368087,0.05850628581234238,true,224,-1.9577336953524003,0.05,0.05,449.913613938,0.9443460978491008
256,10.0,4.4,1.0,100.0,0.2,0.21915419124333357,-0.01153596715490983,0.18813213921891853,0.30562381043545084,-0.014878553521411875,0.11972910386293112,0.024976778209225697,0.717869935965898,0.9780545013756692,0.029082907793683693,true,150,-2.0556566913381586,0.05,0.05,300.627454747,0.9595504621546327
256,10.0,4.8,1.0,100.0,0.2,0.2010974356813618,-0.011382481378432202,0.20985228066461675,0.3048930267770904,-0.015987472964971376,0.2762473812367161,0.0029712442431543973,0.19163569771768474,0.9760166211997268,0.005390786569310635,true,142,-2.160661150849934,0.05,0.05,283.808041397,0.9797365740072312
256,10.0,5.2,1.0,100.0,0.2,0.18558931181409252,-0.010812453446664483,0.22576654166825977,0.30409868964023334,-0.016582720555908703,0.35314696434751713,0.014778631432996181,0.11539420279438328,0.9631665930942557,0.02229833392843744,true,137,-2.2717173735818426,0.05,0.05,275.794315911,1.0032613157640287
256,10.0,5.6,1.0,100.0,0.2,0.1721366343714142,-0.010039275304326911,0.2379552714173158,0.3032963758933466,-0.016879716061171536,0.4032912268749911,0.0210243742138419,0.33798228069065184,0.9662562088325055,0.03396523789400002,true,133,-2.3874842854599834,0.05,0.05,262.66042937,1.0293827742950346
256,10.0,6.0,1.0,100.0,0.2,0.16035942551814952,-0.009169414007211996,0.24756996362916722,0.30252666863579386,-0.016981454762923318,0.4257022008821165,0.021595482662509907,0.46607010666394055,0.9955576820745993,0.035150325243170355,true,130,-2.5069532760945066,0.05,0.05,258.957059618,1.0575658661091858
256,10.0,6.4,1.0,100.0,0.2,0.15002201843543062,-0.008227645795347294,0.2548558723556136,0.3021672482762552,-0.0168515514691338,0.37208467514415755,0.020114004436418143,0.421345777815163,0.9667253769387596,0.036006277755878946,true,130,-2.627932938065368,0.05,0.05,258.027949867,1.0874886859402548
256,10.0,6.8,1.0,100.0,0.2,0.14076884474018236,-0.007356772553426122,0.261458462177076,0.3013348026790226,-0.016815907398880878,0.4169534631875971,0.022433936768442853,0.630092295759499,0.9656854047885854,0.04897447120605358,true,127,-2.753641319180677,0.05,0.05,250.797608571,1.1189551529926254
256,10.0,7.2,1.0,100.0,0.2,0.13274477050410446,-0.00661325898237955,0.26615320603586035,0.3011571237823212,-0.016528196516538883,0.3664384641833274,0.02089387512772649,0.532708597520748,0.9969203577412378,0.042025644395628226,true,127,-2.879819987954731,0.05,0.05,250.027162001,1.1537963247766545
256,10.0,7.6,1.0,100.0,0.2,0.12565764118318146,-0.006051130140520777,0.2701429528515691,0.30089654688141354,-0.016255876400301794,0.3367368197595977,0.018533382234025078,0.5084087339282117,0.9821221886479048,0.04160623456818391,true,127,-3.009261367356362,0.05,0.05,249.794275017,1.1917346391657342
256,10.0,8.0,1.0,100.0,0.2,0.11933546948164747,-0.005581484518995192,0.2734008619713846,0.3007398228947568,-0.015943235037505478,0.30911307359429707,0.01783459885214278,0.4747938195522883,0.981893022042768,0.04159590204282082,true,127,-3.1402714153630282,0.05,0.05,255.326009843,1.2316532200538686
256,0.0,4.0,1.0,100.0,0.25,0.2157419909394308,-0.00215628287875734,0.18411829289143739,0.2689134872242299,-0.047734556366748324,0.34167757324365944,0.011524291599503828,0.982187305936244,0.14994763297826452,0.1992788015679342,true,169,-2.098613349058132,0.05,0.05,334.291982577,1.1606656982548396
256,0.0,4.4,1.0,100.0,0.25,0.1979796304300308,-0.001528495674321964,0.20495631891672977,0.2716945174907705,-0.048047766410019385,0.30301697898199587,0.021501414815336753,0.97919691326942,0.28021138199629814,0.16580573493274464,true,167,-2.190240628225272,0.05,0.05,330.655757143,1.1819829757161668
256,0.0,4.8,1.0,100.0,0.25,0.18245524059823787,-0.00074161275654544,0.22037018681614154,0.2736516211204322,-0.04709172475884127,0.3118851850387183,0.029497434448027323,0.9881272660076101,0.29057194177906087,0.14447457164849797,true,160,-2.2925638825527535,0.05,0.05,314.232660378,1.2100297157501774
256,0.0,5.2,1.0,100.0,0.25,0.16895052367691338,-2.5093127709985286e-5,0.23209456610279128,0.2750696700922661,-0.04557251940390193,0.2853449913206574,0.019536268492821737,0.9950488451990203,0.329831518177226,0.1634228103527119,true,156,-2.4038686610292412,0.05,0.05,305.334670209,1.2448254544119979
256,0.0,5.6,1.0,100.0,0.25,0.15744361053329786,0.00031826442393376175,0.24040559554919774,0.276623377912156,-0.04356831688195724,0.3183417361077301,0.012889283259803177,0.9894066562179393,0.18907462426653865,0.194686514491213,true,147,-2.522442618526781,0.05,0.05,288.100008742,1.2883951995425256
256,0.0,6.0,1.0,100.0,0.25,0.1474185783769436,0.000501156733703656,0.24684016698714722,0.27794569073452313,-0.04152578721314651,0.3396028195766232,0.008647425119397232,0.979428672362781,0.05406072776314996,0.23386059111102364,true,141,-2.646578834824021,0.05,0.05,279.732072144,1.3372820063488144
256,0.0,6.4,1.0,100.0,0.25,0.13858179341983773,0.0006073252452362538,0.2519812504435859,0.27905362546671153,-0.039547637248760384,0.3618650408793722,0.0060887162491838915,0.9741244470792276,0.09597221361146158,0.2833861494363349,true,136,-2.7748498538599,0.05,0.05,265.947868018,1.3897885725311236
256,0.0,6.8,1.0,100.0,0.25,0.13073008823910137,0.0006692865953136784,0.2561787206117391,0.27997786907377636,-0.037677996815664944,0.38001110096252955,0.00440431379837374,0.9696867359706429,0.24584289352147515,0.3371898690209263,true,132,-2.906398728064092,0.05,0.05,257.786086396,1.4450380627566974
256,0.0,7.2,1.0,100.0,0.25,0.12370782115599539,0.0007040526420788867,0.2596598589970576,0.28075257867359027,-0.03593119275885605,0.4082867709772897,0.0032701975861914277,0.9926983732007066,0.41610568160310724,0.4074232506510872,true,128,-3.0405382203449194,0.05,0.05,250.064999651,1.5023712198014887
256,0.0,7.6,1.0,100.0,0.25,0.11739024815994606,0.0007215338608234367,0.2625920085061563,0.28139915729724696,-0.03430839098996658,0.4052447537336856,0.0023823627940055495,0.960842932398509,0.5362941764210927,0.4487276442838306,true,126,-3.176973967370739,0.05,0.05,242.787088332,1.5615660991146054
256,0.0,8.0,1.0,100.0,0.25,0.11167861631661061,0.0007276127772560953,0.26507869014809005,0.28195085922147467,-0.03280417321176956,0.4280399540254609,0.0017566941133428677,0.9897583633764473,0.6997476243613132,0.5222985116726808,true,123,-3.3150845809097134,0.05,0.05,237.371674266,1.6220290625974898
256,5.0,4.0,1.0,100.0,0.25,0.2169775896968373,-0.007610278814239715,0.17190730115061298,0.274402275222554,-0.025229797188309772,0.11848590123331171,0.01770044018634294,0.9980609398157481,0.5462420821813474,0.10014464712004845,true,192,-2.106899220084077,0.05,0.05,384.24200498,1.1942131901583826
256,5.0,4.4,1.0,100.0,0.25,0.1978090746334403,-0.006990888529212327,0.19826805733588893,0.27568648983496336,-0.027612269626023537,0.2893896742076074,0.006179162539284369,0.3993716413697168,0.9990280752643077,0.021661082062369996,true,148,-2.202477392720895,0.05,0.05,298.009892027,1.213921870526992
256,5.0,4.8,1.0,100.0,0.25,0.18148120012022956,-0.00592012117610069,0.21635599788150672,0.2767198590793042,-0.02862879981466869,0.45569911314230493,0.00929265453869857,0.11332730218061027,0.9794096167106137,0.021033901899829288,true,139,-2.3070749069315717,0.05,0.05,274.976785088,1.2406742011127254
256,5.0,5.2,1.0,100.0,0.25,0.16737001521459877,-0.004688467276815836,0.22981737904597166,0.27740653214886857,-0.028952166969661977,0.5847794446064425,0.008005427391698586,0.5118816832382356,0.9890438712869543,0.054893010964805755,true,132,-2.4186682313441077,0.05,0.05,263.617100428,1.2720816251291314
256,5.0,5.6,1.0,100.0,0.25,0.1554698329977098,-0.003773337440891311,0.23947651883467885,0.2781928018373153,-0.028747319506671677,0.6203353043502946,0.011632188679213881,0.7105886978127085,0.993164699799709,0.08191814887922866,true,128,-2.5371967040392733,0.05,0.05,253.119623016,1.3117510244218553
256,5.0,6.0,1.0,100.0,0.25,0.1453298559829095,-0.0031493730216744786,0.24651729582890655,0.2790884862786183,-0.028211684914333,0.5666952044136031,0.013376035919965626,0.7008257989814526,0.9627182702002246,0.08574144980959264,true,127,-2.6611340984582776,0.05,0.05,251.205507555,1.358348460496594
256,5.0,6.4,1.0,100.0,0.25,0.13648998896832132,-0.002673520741511823,0.25198170156868976,0.2799124482407656,-0.02753725006660261,0.5269814764128355,0.01529027370545874,0.6886096325471325,0.9616600620385718,0.09136750757209045,true,126,-2.7890153224359784,0.05,0.05,247.655326728,1.4090593721906433
256,5.0,6.8,1.0,100.0,0.25,0.12869049358664406,-0.0022954802501338883,0.2563556112372164,0.2806387365962291,-0.02679991959957053,0.49771298089146265,0.01725119178488336,0.6802121425911745,0.9774796723421852,0.09884522290182912,true,125,-2.9200528492419453,0.05,0.05,249.384905409,1.462793385285629
256,5.0,7.2,1.0,100.0,0.25,0.1217481622578655,-0.001987723885496062,0.25992950068071097,0.2812726310393727,-0.026039636527158606,0.45215840988740985,0.018088876161070216,0.6383529729334647,0.9581814648599307,0.10214346638841298,true,125,-3.0537548311044453,0.05,0.05,250.119237338,1.5190000917662303
256,5.0,7.6,1.0,100.0,0.25,0.11552423185320373,-0.0017330533048275781,0.26290095930222146,0.2818210313674402,-0.025279956976529485,0.4370296534530749,0.020036726310482863,0.6382620375011694,0.9924680883609538,0.11245602511770342,true,124,-3.1895202738313353,0.05,0.05,242.837497871,1.5769781974619053
256,5.0,8.0,1.0,100.0,0.25,0.1099103559114801,-0.001519348747071242,0.2654007136398933,0.2822992655347938,-0.024533732161039306,0.40447692929945767,0.02070083386139813,0.6046515408419939,0.9860763043640919,0.11737253478791981,true,124,-3.327173727024136,0.05,0.05,242.734644478,1.6366313040250993
256,10.0,4.0,1.0,100.0,0.25,0.2180916708330583,-0.0094134968273277,0.1644266465035895,0.27676930094145336,-0.01682442596853508,0.18128706577175135,0.0331596149113593,0.9995835312791024,0.40703129648056446,0.07398847968321381,true,240,-2.1052613796106066,0.05,0.05,480.245454266,1.2063608354902515
256,10.0,4.4,1.0,100.0,0.25,0.19811876900651065,-0.009136992580571324,0.19394433792419213,0.2773929437281706,-0.01920448450682631,0.11494224177843737,0.013529978285565375,0.9933414341015689,0.6597726882882071,0.06337673690214041,true,184,-2.204623526281991,0.05,0.05,365.809635857,1.2279388004285132
256,10.0,4.8,1.0,100.0,0.25,0.1812403930344446,-0.008166208583046689,0.21398933698468103,0.2777577263522659,-0.02050545165704056,0.0699644111142872,0.012929953081147055,0.7894573318010245,0.9898594869082178,0.025610776051836204,true,155,-2.311719463667467,0.05,0.05,316.754167094,1.2547374281669865
256,10.0,5.2,1.0,100.0,0.25,0.16681231788218892,-0.006902207263111262,0.22828954977996338,0.2781867639332305,-0.021157434731320438,0.12032751112850404,0.012592647058362258,0.5975631556885408,0.9870054468367195,0.024590649246217233,true,150,-2.4247967885797395,0.05,0.05,297.23746487,1.2864857265687204
256,10.0,5.6,1.0,100.0,0.25,0.15459688200161892,-0.00581017090364587,0.23876555112440176,0.278631940566878,-0.02142831040079825,0.21941545314135835,0.013739300203778962,0.28715891605873844,0.9703728202978823,0.008407376995790694,true,143,-2.5439792299462898,0.05,0.05,282.052718733,1.3246970851278077
256,10.0,6.0,1.0,100.0,0.25,0.1443256044797021,-0.005041510424504417,0.2461657613142722,0.2793785685300326,-0.02135198033648116,0.25632575724060525,0.010499347591862163,0.1560065946552558,0.9908685069354162,0.01814587565437259,true,139,-2.6681089836127727,0.05,0.05,276.702620395,1.370328943643952
256,10.0,6.4,1.0,100.0,0.25,0.13542838638474008,-0.004436021907016585,0.25182348645652486,0.2801216289955231,-0.02111654724252221,0.26031637903495275,0.009712307571118142,0.07647238549346458,0.9754432068154184,0.02371921608959604,true,137,-2.7960899382748963,0.05,0.05,270.541534226,1.4203826368449866
256,10.0,6.8,1.0,100.0,0.25,0.12760996406193245,-0.0039392964326741275,0.2563173626863042,0.2807927774383097,-0.02079204274763294,0.26568332216864166,0.009731444370181946,0.010213390658986299,0.979492057012199,0.02856285982676121,true,135,-2.9271278932416642,0.05,0.05,267.068484202,1.4735264449268954
256,10.0,7.2,1.0,100.0,0.25,0.12067188895599547,-0.0035229650618676667,0.25996838304486386,0.2813866385032576,-0.020415725068491458,0.27303103404568985,0.010287380198066923,0.05074973870178301,0.99749766146362,0.033354384710075624,true,133,-3.0606707598736964,0.05,0.05,262.60584761,1.5290626714491098
256,10.0,7.6,1.0,100.0,0.25,0.11446712094818523,-0.003168864794899695,0.2629799054176766,0.28191404756460525,-0.020010322564102706,0.26719985231465904,0.010654940103337757,0.09060445208264323,0.9881831267790631,0.03628245609487574,true,132,-3.196342386201377,0.05,0.05,261.366511506,1.5866069659980726
256,10.0,8.0,1.0,100.0,0.25,0.10888085899553909,-0.0028643499645134157,0.2655049834010288,0.2823758694128324,-0.019590589625768973,0.26319728621684857,0.01126344805176243,0.12652366334953147,0.9873625814286191,0.03935798636529181,true,131,-3.333783663532989,0.05,0.05,254.560728744,1.6457310270236987
256,0.0,4.0,1.0,100.0,0.3,0.19055324929672773,0.005597631169813377,0.20730376233443965,0.2153916976584093,-0.06425342453610057,0.42849607315870175,0.029409497163708845,0.9964054302971648,0.08023746848173641,0.18433156289829333,true,160,-2.2397678496376283,0.05,0.05,316.714391654,1.3875784017154058
256,0.0,4.4,1.0,100.0,0.3,0.17568059561694377,0.0055174295958011765,0.21806655570015715,0.22486092940207547,-0.06131937630661302,0.466374680779591,0.021006615998969344,0.9892079998682357,0.020361278003810934,0.1924634221568411,true,150,-2.3426134073870903,0.05,0.05,295.69303152,1.439284498357403
256,0.0,4.8,1.0,100.0,0.3,0.16275250639984618,0.005344514100933784,0.22615246313261944,0.23206858562449562,-0.058196281548249275,0.4864301990839537,0.016008630967595527,0.9808470147295578,0.1162724504137902,0.22321126409304004,true,143,-2.4554205809556477,0.05,0.05,282.915160817,1.498060836613189
256,0.0,5.2,1.0,100.0,0.3,0.15146755059563924,0.005133297562621153,0.23241430818600917,0.23765196872840785,-0.05512880458103861,0.4916977519289212,0.012759185102507314,0.9652222030177016,0.2055624273808454,0.26352582196811913,true,138,-2.5758351864901625,0.05,0.05,272.153041736,1.562183943674776
256,0.0,5.6,1.0,100.0,0.3,0.14156320094075348,0.004910077595803863,0.2373685790879374,0.242060300358232,-0.05221904363287039,0.519030617866123,0.010891228730077265,0.9937603162392117,0.3217614773592947,0.32725511619577374,true,133,-2.7020954274236724,0.05,0.05,267.83265841,1.6303739199749046
256,0.0,6.0,1.0,100.0,0.3,0.1328167055982497,0.0046885514045803545,0.24137430278813968,0.2455867950136724,-0.04950615014228706,0.5140666310954334,0.009295101434820055,0.9796397137607493,0.40575256311103924,0.37677253620227447,true,130,-2.8332038844467187,0.05,0.05,255.70028592,1.7019990163847636
256,0.0,6.4,1.0,100.0,0.3,0.1250485502034949,0.0044750961466688,0.24465550741190883,0.24845542888502176,-0.04699758215752445,0.5212333733756735,0.008213195806875892,0.9908660978976691,0.5035329387881871,0.43833055423490863,true,127,-2.9681042254083447,0.05,0.05,250.916757656,1.7762722200046053
256,0.0,6.8,1.0,100.0,0.3,0.1181097249556177,0.004272939464031095,0.24738319390381328,0.25081532727384714,-0.04468714659156739,0.5125794492541469,0.007283213886693368,0.9807382760319006,0.5784616958895983,0.4870731867140793,true,125,-3.1062332818595477,0.05,0.05,244.85861674,1.852851010593143
256,0.0,7.2,1.0,100.0,0.3,0.11187939729775974,0.0040831344846696815,0.249673526035541,0.2527817831792305,-0.04256205287878201,0.5112775821780047,0.0065617880776330795,0.9869962618365147,0.660434359179285,0.542483077565506,true,123,-3.2469548901302385,0.05,0.05,240.759494149,1.931250964775614
256,0.0,7.6,1.0,100.0,0.3,0.10625715531888634,0.003905948357245448,0.25161837014883803,0.25443513518406713,-0.040607230081777176,0.4909528836994914,0.005903508734355668,0.9620914745525067,0.7079133619980471,0.5745767270518842,true,122,-3.3899896258085995,0.05,0.05,239.383966097,2.0113425056288787
256,0.0,8.0,1.0,100.0,0.3,0.10116119901596919,0.003740733513851291,0.253280159471786,0.2558418665044305,-0.03880727695156213,0.5000309395561675,0.005380458343536877,0.994175881130821,0.8000995434619407,0.6408756737571603,true,120,-3.534726633993836,0.05,0.05,236.747982864,2.0925693829398604
256,5.0,4.0,1.0,100.0,0.3,0.18956256385428705,-0.0034369287781946534,0.1941306843736063,0.22575040203559762,-0.03386375380547335,0.022470722634782003,0.028454209849523848,0.9911613272690634,0.8476338929204741,0.12547465228661403,true,196,-2.262209574610257,0.05,0.05,401.803881771,1.4408837092288629
256,5.0,4.4,1.0,100.0,0.3,0.17327535773946784,-0.002260604295289348,0.21193506308979596,0.23124067273983975,-0.03521915882973071,0.15976147792440276,0.010778802225334255,0.6971267176037466,0.9936956530663954,0.05472965916247796,true,167,-2.3629926374975376,0.05,0.05,334.429107386,1.4789203484206135
256,5.0,4.8,1.0,100.0,0.3,0.15979470143642227,-0.001525238621204128,0.22298042714171518,0.23647900134517447,-0.03530272974304431,0.21851890949919905,0.005438805146942144,0.5269439270206844,0.9922462313478597,0.024800600065322254,true,157,-2.475341277983366,0.05,0.05,316.12151119,1.5315114592739882
256,5.0,5.2,1.0,100.0,0.3,0.148296282427126,-0.000978019215931547,0.23081068954613787,0.24084312682533388,-0.03486468927534277,0.2561124247709712,0.003952289149038906,0.38175075669044656,0.9729938327042165,0.00331746195304794,true,150,-2.595380367973439,0.05,0.05,298.582069466,1.5916021383722325
256,5.0,5.6,1.0,100.0,0.3,0.13835410949612317,-0.0005555014796185809,0.23666415915419214,0.24443144926403246,-0.03416039834144363,0.29335761043941533,0.004496926385338549,0.24572156320690208,0.97033924612,0.015378826866502271,true,144,-2.7212350366878253,0.05,0.05,287.992682811,1.6568629769877583
256,5.0,6.0,1.0,100.0,0.3,0.12966717295913077,-0.00022358283532070145,0.2411898391231546,0.24739410137901718,-0.03331854307296044,0.32756619741469706,0.0064535882056540655,0.11794937820852613,0.9782094087305016,0.03320704355982973,true,139,-2.8517065289110493,0.05,0.05,274.498525358,1.7260456253512937
256,5.0,6.4,1.0,100.0,0.3,0.12200990962455302,4.001320998200941e-5,0.24477649822944453,0.249860534831354,-0.03241122980719481,0.35504453466286834,0.009340899187980112,0.000550142985777935,0.9874890863316166,0.050743136296216296,true,135,-2.985940106666589,0.05,0.05,274.602731039,1.798344365455634
256,5.0,6.8,1.0,100.0,0.3,0.11520851168298682,0.0002510137558510428,0.24767464820951363,0.25193284481236633,-0.031480798465729126,0.37202147669815333,0.012601559238499255,0.10174941283147554,0.9886806283879723,0.06749726364486952,true,132,-3.1233015459187286,0.05,0.05,260.212346224,1.8731993115988548
256,5.0,7.2,1.0,100.0,0.3,0.10912650033539759,0.0004209580983840222,0.2500551318258588,0.2536885858624624,-0.030552622798029352,0.3755042757477012,0.01560577365218097,0.1818732657701272,0.9748318611213502,0.08214840037332888,true,130,-3.2633098397963742,0.05,0.05,257.816176736,1.9502005569343452
256,5.0,7.6,1.0,100.0,0.3,0.1036551892474412,0.0005583355394637168,0.25204196925189637,0.25518354695372325,-0.02964218675575258,0.38317928553241454,0.019030169961012453,0.26029878810518436,0.976895582400994,0.09870761276770113,true,128,-3.405499755163546,0.05,0.05,254.726318429,2.0289061655547758
256,5.0,8.0,1.0,100.0,0.3,0.0987067299456269,0.000669689810291918,0.2537209613526372,0.2564650499267622,-0.028758495486169235,0.3944973509856231,0.022896559628262897,0.3375753156779071,0.9942102381592655,0.11767311372141986,true,126,-3.54955018766295,0.05,0.05,251.277749294,2.109047347210424
256,10.0,4.0,1.0,100.0,0.3,0.19047890991889171,-0.006894350445332931,0.18413747784353568,0.23041438556535188,-0.022377846923480736,0.1254654341091288,0.013034306349850311,0.9898511044076908,0.6150677049746034,0.08390986099782866,true,239,-2.2652323772588248,0.05,0.05,484.930946093,1.4650287251850747
256,10.0,4.4,1.0,100.0,0.3,0.17284429657362943,-0.005492653792438407,0.20731337561321675,0.23378418885904054,-0.024491723184175945,0.01328694050650725,0.012464570055993954,0.9929324173999499,0.9201909673853259,0.05991692252109437,true,188,-2.366760913158977,0.05,0.05,388.964690301,1.4961333226040099
256,10.0,4.8,1.0,100.0,0.3,0.15881823784341814,-0.004568854228045399,0.22033499797705436,0.2381582356760763,-0.025238234604030605,0.04620673027133648,0.006876103595876079,0.9050557037203477,0.998002619434557,0.03840222377891195,true,175,-2.4799773902009865,0.05,0.05,354.529675617,1.546240888143156
256,10.0,5.2,1.0,100.0,0.3,0.14703694313104432,-0.0038399841753213593,0.2291864919037055,0.24204900991213174,-0.025442648202188556,0.06859497740197007,0.004482167443704832,0.8195605054927557,0.9890441268119998,0.025170778790641057,true,169,-2.6008359115206776,0.05,0.05,343.127608928,1.6051184261550226
256,10.0,5.6,1.0,100.0,0.3,0.13694115577362753,-0.0032383719349564077,0.23567204795428595,0.2453150938719385,-0.025355802509830286,0.09095542513742894,0.0034955122982221337,0.7488490897728517,0.9925578428042758,0.015312392685436216,true,163,-2.7273707813609405,0.05,0.05,328.268506254,1.6695513923033993
256,10.0,6.0,1.0,100.0,0.3,0.12817843774587018,-0.002734504091289197,0.24059552785537486,0.24806150480553235,-0.02509509428204333,0.10974492943949254,0.003161258287864843,0.6677157881260776,0.9781788867539998,0.007007066505963777,true,158,-2.858373250499003,0.05,0.05,316.071148994,1.7381448231627374
256,10.0,6.4,1.0,100.0,0.3,0.12049348429279176,-0.0023088560959776405,0.2444604779588293,0.2503581817746594,-0.024728803414339046,0.1391111400226852,0.0035461601744441254,0.5839708277537436,0.9943845443210475,0.0013835139972551147,true,152,-2.9929755867893775,0.05,0.05,312.373963101,1.8098698288576571
256,10.0,6.8,1.0,100.0,0.3,0.11369577208892216,-0.001946987262352512,0.24754113224003413,0.25231101653719257,-0.024297833359730174,0.1661649462699477,0.00442187710900056,0.4866767290374052,0.9977155292094642,0.009496349056371811,true,147,-3.1305551578437325,0.05,0.05,293.386466145,1.8842012292659596
256,10.0,7.2,1.0,100.0,0.3,0.10763743502501005,-0.001637589901092834,0.25004135929404514,0.2539817360982216,-0.02382908010525485,0.1886333064339274,0.005683014435075347,0.3854088363007824,0.9903227450439589,0.01708515558004886,true,143,-3.2706399833445436,0.05,0.05,284.97768668,1.9606831396104452
256,10.0,7.6,1.0,100.0,0.3,0.1022022900758921,-0.0013716828120713676,0.2521017852245012,0.25541986391791105,-0.02334023902770835,0.20421635763168133,0.007138522701202483,0.2891207868553902,0.9718617135630048,0.023798710413948376,true,140,-3.412866539215135,0.05,0.05,280.721948805,2.0389790725935444
256,10.0,8.0,1.0,100.0,0.3,0.0972975000635053,-0.001142116695804024,0.2538307457655079,0.2566567965841925,-0.022843286866041528,0.22247809817396713,0.00911438898863531,0.19574405818356677,0.9700103064180787,0.03110399704826794,true,137,-3.5569082103656235,0.05,0.05,274.853544645,2.118740183067458
256,0.0,4.0,1.0,100.0,0.35,0.16893611658287008,0.008554707263035283,0.21720204574934127,0.13426013894506114,-0.07905843052201628,0.2035633685956717,0.019084906532004786,0.993332856547402,0.8564185690448922,0.214480314574661,true,164,-2.403906249456922,0.05,0.05,339.51472299,1.668346986972094
256,0.0,4.4,1.0,100.0,0.35,0.1554955959859411,0.008611623758814552,0.22218496563781603,0.15585525288205454,-0.07348798280549894,0.3800649677507262,0.005200378904841874,0.9708529124357046,0.2498417380962792,0.18556722720172725,true,150,-2.521066136317877,0.05,0.05,316.409088348,1.7508902392617771
256,0.0,4.8,1.0,100.0,0.35,0.1438406592430787,0.00838144431997126,0.22588386221252685,0.17114121329961438,-0.06863879077945086,0.4735606749311505,0.0038974637158774306,0.9968976472906066,0.006302138980618377,0.23188780514485363,true,141,-2.645924026488136,0.05,0.05,288.33070814,1.838129778422308
256,0.0,5.2,1.0,100.0,0.35,0.1337037744017064,0.008051517081457321,0.22871578618247976,0.1824908142906577,-0.06437250059287108,0.4923508263048326,0.00403008985236028,0.994363611503235,0.10602295194173106,0.28881457095580876,true,136,-2.7767710718229845,0.05,0.05,279.723997629,1.9289300947011236
256,0.0,5.6,1.0,100.0,0.35,0.12483529924371849,0.007693577872262464,0.23092151305881792,0.19122521121006988,-0.06058250289196995,0.4770421172377304,0.00392889746089059,0.9794325669458259,0.14035584180288607,0.3392536389312112,true,133,-2.9124386819961874,0.05,0.05,275.079303382,2.022633381157758
256,0.0,6.0,1.0,100.0,0.35,0.11702614293974582,0.007337388001548734,0.2326647317038567,0.1981301002770663,-0.05719107139964885,0.45102612491007554,0.0036461306710013075,0.9638924685225758,0.1506069374351271,0.38154181025648604,true,131,-3.0520705406943263,0.05,0.05,269.670417758,2.118771930639964
256,0.0,6.4,1.0,100.0,0.35,0.11010600517954627,0.006995542019287232,0.2340574099078292,0.20370811617762588,-0.054138647777331905,0.4353745683355892,0.003657766674620283,0.9717238960220698,0.16464935465554387,0.428685164283113,true,129,-3.1949524322990124,0.05,0.05,263.82684784,2.21692585971323
256,0.0,6.8,1.0,100.0,0.35,0.10393645571142014,0.006673191847009763,0.23518339307850172,0.2082914065517775,-0.0513780929450133,0.42781029557747985,0.003923865172682922,0.9957980114980725,0.18464149430663657,0.48069572771321234,true,127,-3.3405929752922923,0.05,0.05,260.888056158,2.316829697097292
256,0.0,7.2,1.0,100.0,0.35,0.09840500386869516,0.006372128874510219,0.23610955202489703,0.21210437622225303,-0.04887116021345517,0.4056979693559115,0.00375149944080444,0.9931194115920805,0.1872431156560439,0.5116462373530584,true,126,-3.4887382902583934,0.05,0.05,264.102907507,2.4184058135470283
256,0.0,7.6,1.0,100.0,0.35,0.09342026099192524,0.006091984851041288,0.2368748358130896,0.21531917130635958,-0.046585611860544385,0.38921906555994257,0.0037353604023480924,0.9991170575649466,0.19384691337021032,0.5437426215745278,true,125,-3.638933023158162,0.05,0.05,254.756207023,2.5213334833204253
256,0.0,8.0,1.0,100.0,0.35,0.08890671081824333,0.005832002235792,0.23751898441281413,0.21805112184819953,-0.04449477254814328,0.3582613500891785,0.0032245471187457297,0.9735487253553776,0.18028101587092005,0.5487642057455111,true,125,-3.791065070735619,0.05,0.05,254.557994207,2.625609688083473
256,5.0,4.0,1.0,100.0,0.35,0.16421448693671187,-0.0003337934996357761,0.20850807633549662,0.15116112577052565,-0.041340092507500384,0.17286536701077715,0.0025116906892659434,0.4201840862924633,0.9881571281349366,0.043162111956498994,true,201,-2.4307353406590417,0.05,0.05,415.177946401,1.7151996912265615
256,5.0,4.4,1.0,100.0,0.35,0.1506141341565857,9.910577151714395e-5,0.21681644243928266,0.16735689524815495,-0.04118586318400867,0.1749495472724849,0.004045346018968868,0.48020212212507296,0.9891290448193479,0.0393848131466229,true,188,-2.546031369484266,0.05,0.05,387.456919406,1.7910728715144382
256,5.0,4.8,1.0,100.0,0.35,0.1390031270849101,0.0005014236288187479,0.22266443492834764,0.17928733496321658,-0.04058947796649591,0.19366355344102582,0.00416868046983882,0.47969943742709464,0.9879547111841247,0.03058445415980715,true,175,-2.6692738717486453,0.05,0.05,366.966846019,1.8728214436998991
256,5.0,5.2,1.0,100.0,0.35,0.12901538249249145,0.0008467228895093493,0.22688425389102343,0.1884392850326812,-0.039737236868252424,0.22823253975656765,0.0027627926364852135,0.4350514883028622,0.9951755333100776,0.018259135297835072,true,163,-2.798691961061321,0.05,0.05,334.573815517,1.959163668618447
256,5.0,5.6,1.0,100.0,0.35,0.12034917768336938,0.0011323533769717342,0.22998421019260268,0.19568354915909142,-0.03874385544922715,0.27058048752370834,0.0006464969578724028,0.34838533734127264,0.9945753004176883,0.0021986924297057175,true,153,-2.933068901562944,0.05,0.05,316.1335045,2.0492535016690994
256,5.0,6.0,1.0,100.0,0.35,0.11276640405639565,0.0013639439170825551,0.2322987619750997,0.20155233890882449,-0.03768123474623117,0.31451092822443183,0.00619712526042605,0.2287393502390378,0.9821296111229283,0.017463463859376804,true,145,-3.0715002687971174,0.05,0.05,300.535439019,2.1424331303687936
256,5.0,6.4,1.0,100.0,0.35,0.10608069467442013,0.0015492072431950166,0.23405993849185824,0.2063835888244802,-0.036594695824109034,0.3668979162072816,0.014378045815857405,0.0801752870597805,0.9791732380586282,0.04232884730229203,true,138,-3.2132483153437477,0.05,0.05,284.443586294,2.2381029474765644
256,5.0,6.8,1.0,100.0,0.35,0.10014361749061121,0.00169589025900721,0.23541833422200314,0.21041977014405222,-0.03551208448794517,0.4241000857977406,0.025267902177416365,0.09003891999048719,0.9847930844274488,0.07315426923931723,true,132,-3.3577812051715035,0.05,0.05,272.948505494,2.335864916198016
256,5.0,7.2,1.0,100.0,0.35,0.09483699175726562,0.001810909730933008,0.23647913225167372,0.2138329420283971,-0.03445053902329489,0.48076241390127006,0.03833980485038477,0.2712370731488001,0.9952097651791392,0.10967462398758787,true,127,-3.504695964908063,0.05,0.05,268.147510864,2.4354212688912846
256,5.0,7.6,1.0,100.0,0.35,0.09006511749885218,0.0019006369271404588,0.23731264584512868,0.21675432315638668,-0.03341978025503241,0.5052645636728914,0.048827805776285954,0.4177733107784132,0.9650539590537743,0.1416018247809292,true,124,-3.6538518702393237,0.05,0.05,252.760567851,2.536764698465431
256,5.0,8.0,1.0,100.0,0.35,0.08575267138639729,0.0019691774616726054,0.23798434538546082,0.2192642610878935,-0.03242636163878467,0.5386394455988708,0.06118853098718326,0.5731012149928216,0.9596648214935666,0.18014532567224573,true,121,-3.8047404264801794,0.05,0.05,246.717787837,2.639361464795585
256,10.0,4.0,1.0,100.0,0.35,0.16313741659507275,-0.0037857662669370518,0.20286561721083074,0.15579643316574404,-0.027789501268724894,0.10687444701357185,0.006491387819771918,0.5857493050911988,0.9998841192445096,0.034745377105183106,true,223,-2.4334581298078666,0.05,0.05,466.494823446,1.7316537497393683
256,10.0,4.4,1.0,100.0,0.35,0.14913858781042125,-0.0033924001334614817,0.21304463244866778,0.1706733320017949,-0.028511245865223175,0.10364656297828789,0.0023869011891424624,0.6344107287066802,0.9943779574306255,0.030585725989504264,true,210,-2.5490566725829953,0.05,0.05,436.807993558,1.8053408112395184
256,10.0,4.8,1.0,100.0,0.35,0.1372706115562402,-0.002918498398560121,0.22006848863261835,0.1818256106203311,-0.0287613828568362,0.10439830090014368,0.0002350602522210865,0.6559553086515901,0.9845952700205385,0.026050854106972332,true,199,-2.6728617858893315,0.05,0.05,419.69356297,1.8857519658100246
256,10.0,5.2,1.0,100.0,0.35,0.12713262683163032,-0.002444576631713047,0.22508891330224728,0.19043115937992555,-0.028710486408872644,0.1130917814579635,0.0007431081410864612,0.6721049820714864,0.9979910320165319,0.021732874045811423,true,188,-2.802881390475236,0.05,0.05,389.333857242,1.9711372668537874
256,10.0,5.6,1.0,100.0,0.35,0.11839060496424995,-0.0020037611371707675,0.22874821694968042,0.19727284053414437,-0.0284640146216918,0.12188869519469403,0.0009227016254361245,0.6656468198623644,0.9951166238988951,0.017025490142368038,true,179,-2.937863067235411,0.05,0.05,372.938276733,2.0605541650146213
256,10.0,6.0,1.0,100.0,0.35,0.1107840240722144,-0.0016074193210786347,0.23147484995501366,0.20281901722077622,-0.02809145529385693,0.13289301559032962,0.0004510854751398237,0.6404434514913904,0.9850264479298043,0.011892649148033396,true,171,-3.076865876886187,0.05,0.05,356.738594107,2.153209203144874
256,10.0,6.4,1.0,100.0,0.35,0.1041094533676608,-0.0012571783621140864,0.23355012431319,0.2073821265361122,-0.02763876997836505,0.1508489783336453,0.0007756833517095878,0.5994414541192761,0.9828102424656038,0.005861827345382542,true,163,-3.2191787745969633,0.05,0.05,338.592038261,2.2484873002714623
256,10.0,6.8,1.0,100.0,0.35,0.09820671956350843,-0.0009504591106183902,0.23515290843819955,0.21119204826961263,-0.027136595319724444,0.17807577704204158,0.0031384149151623096,0.5368673043175676,0.9901646031877931,0.001863556105735631,true,155,-3.3642518143786266,0.05,0.05,329.864833935,2.345943612640594
256,10.0,7.2,1.0,100.0,0.35,0.09294861421940447,-0.0006830401298932032,0.23639450577471144,0.21442695762797,-0.026605606019287995,0.2091232184229519,0.006821747942780364,0.4466789034806018,0.9893168463858681,0.011346688661768856,true,148,-3.5116689500534513,0.05,0.05,305.515265932,2.44529555521198
256,10.0,7.6,1.0,100.0,0.35,0.08823468722861079,-0.00045036540767898203,0.23736395387225423,0.21720425204692612,-0.026060322567775497,0.24232988164732405,0.011932510150935364,0.33332568625826786,0.9813657130925413,0.02260027809675158,true,142,-3.661088978854063,0.05,0.05,291.785117797,2.5462687633855468
256,10.0,8.0,1.0,100.0,0.35,0.08398487599605833,-0.00024822292760340314,0.23813645864235555,0.21959930525240412,-0.02551102705932662,0.2880693815627555,0.019677009091006167,0.1949735326043922,0.9943624068194379,0.037683925266311646,true,136,-3.8121749757836194,0.05,0.05,281.301956938,2.648520472940814
256,0.0,4.0,1.0,100.0,0.4,NaN,NaN,NaN,NaN,NaN,0.04478640153948721,0.24563656957713895,0.10636067577057817,2.7986531199123177,0.052053500291388,false,3200,NaN,0.00625,0.0125,8409.273945073,2.1676815453424774
256,0.0,4.4,1.0,100.0,0.4,NaN,NaN,NaN,NaN,NaN,0.15121472067525232,0.3118215982952175,0.3286972843171698,3.778845597035743,0.15515882524277935,false,3200,NaN,0.00625,0.0125,8039.691115971,2.1984170341582687
256,0.0,4.8,1.0,100.0,0.4,NaN,NaN,NaN,NaN,NaN,0.2240421185038255,0.22208929865495142,0.5071623915244294,3.14430937479572,0.21208570753250555,false,3200,NaN,0.00625,0.0125,7219.096090628,2.2625916009935776
256,0.0,5.2,1.0,100.0,0.4,NaN,NaN,NaN,NaN,NaN,0.18659292441552955,0.10717363651712407,0.47218323819447905,1.9248238776354565,0.1649582413356665,false,3200,NaN,0.00625,0.0125,7259.573226992,2.3577064992561865
256,0.0,5.6,1.0,100.0,0.4,0.10662309253225787,0.006470928336691079,0.2213217458610716,0.09850950263743705,-0.06939796837930845,0.11142267021552188,0.042749647275061586,0.32064358412292604,0.9938857218731167,0.09256339953161996,true,368,-3.1606529626608473,0.05,0.05,758.396460995,2.4689678108021966
256,0.0,6.0,1.0,100.0,0.4,0.09950899383496516,0.006850815881848105,0.22085312911058974,0.11552295697917342,-0.06506906476191346,0.12058067292611274,0.032577997484866186,0.4003710892616641,0.9991866425591578,0.0946167713972712,true,305,-3.311060485540887,0.05,0.05,635.658158223,2.591926838951527
256,0.0,6.4,1.0,100.0,0.4,0.09324778857026761,0.006936596634853576,0.22029210520782355,0.12813623419940265,-0.06128031889956409,0.12238155646968063,0.025249123481023775,0.4610490368306963,0.9911178345958227,0.09138484867222962,true,270,-3.464044594601222,0.05,0.05,559.418778948,2.7164392763664638
256,0.0,6.8,1.0,100.0,0.4,0.08769701155674624,0.00687953607335548,0.2196641178452442,0.13801341754710642,-0.05792238284447023,0.12289234877119193,0.02035822351576129,0.5195244794112264,0.9980853822842417,0.08839813070371516,true,246,-3.619301017818706,0.05,0.05,509.380733705,2.8424313898590317
256,0.0,7.2,1.0,100.0,0.4,0.08275227100747667,0.006748123448476945,0.21902479006754988,0.1459579786556023,-0.05492350887149278,0.12042749306295786,0.016613413778416436,0.5658162120942833,0.9951862138040668,0.08470280620112569,true,230,-3.776464825904093,0.05,0.05,477.952541234,2.969582986274897
256,0.0,7.6,1.0,100.0,0.4,0.07832010355875411,0.006579017764473782,0.21838100669613064,0.15251328176471296,-0.05222353880209339,0.11721426825742065,0.013840822328295074,0.607827763252744,0.9945271658809429,0.0820758912174896,true,218,-3.9353434571136265,0.05,0.05,454.111474739,3.0978508894467507
256,0.0,8.0,1.0,100.0,0.4,0.07432794193707216,0.006391870746201289,0.21775081009848382,0.15800803442975064,-0.04977833283323725,0.11313377502533695,0.011683787383753863,0.6432470336087404,0.990739178219735,0.08020773311062657,true,209,-4.095736727589313,0.05,0.05,430.44615476,3.227100960838656
256,5.0,4.0,1.0,100.0,0.4,NaN,NaN,NaN,NaN,NaN,0.0926307392788428,0.014489772313928782,0.26009579797869886,3.2390024903774237,0.03117929936546915,false,3200,NaN,0.00625,0.0125,7480.511008646,2.138111594561258
256,5.0,4.4,1.0,100.0,0.4,NaN,NaN,NaN,NaN,NaN,0.16060905177195384,0.01876321816681294,0.4333790555592909,2.7722692774370254,0.04700480650515759,false,3200,NaN,0.00625,0.0125,7599.871841184,2.1895351873436995
256,5.0,4.8,1.0,100.0,0.4,NaN,NaN,NaN,NaN,NaN,0.13007813780310795,0.01400095324538054,0.38256070688252874,1.5613086264301412,0.03759573625962409,false,3200,NaN,0.00625,0.0125,6771.920248147,2.27524434407012
256,5.0,5.2,1.0,100.0,0.4,0.10797078797006279,0.0009572798762595425,0.2176420510583935,0.09733846347409866,-0.04338127864994672,0.09878112582215048,0.010212738978764143,0.33169062045979025,0.9967521654135614,0.02958003519960839,true,321,-3.037809601677311,0.05,0.05,638.453982274,2.3820543967980403
256,5.0,5.6,1.0,100.0,0.4,0.10036477273068463,0.0012749590413907996,0.21828113178739134,0.11464236788710569,-0.04218631040383004,0.10527760463338587,0.010519867542775965,0.4128219043766923,0.997454086986177,0.03357742348156223,true,254,-3.18186645894482,0.05,0.05,498.108887744,2.4982737751308157
256,5.0,6.0,1.0,100.0,0.4,0.09372515484634826,0.0015390879307747019,0.21848188628265142,0.12748138235383116,-0.040957288841441224,0.10194522894355074,0.010553813815402605,0.485595544223949,0.9947382993917286,0.03663725492285275,true,216,-3.3296553136174323,0.05,0.05,425.836694266,2.617339157629558
256,5.0,6.4,1.0,100.0,0.4,0.08788990974298364,0.0017551946043335154,0.21839678398615464,0.1375090170123358,-0.039728374594788736,0.08987680294900158,0.011460426612806742,0.5620287408542035,0.9946012948143235,0.04065473246678275,true,192,-3.4804780062823015,0.05,0.05,372.294939525,2.7386974497589773
256,5.0,6.8,1.0,100.0,0.4,0.0827273624154396,0.0019297506153427846,0.21812698087252363,0.1455974420490659,-0.03852086601573428,0.07126155433345716,0.014042458149350623,0.6441250408185661,0.9956304149689177,0.04667977737181361,true,176,-3.6338368163799197,0.05,0.05,350.771664807,2.861964557727591
256,5.0,7.2,1.0,100.0,0.4,0.07813137817803756,0.0020691693626841423,0.2177417629141115,0.15226945078689375,-0.037347752839777176,0.0496710884312912,0.018291271694054548,0.7278454140474677,0.9961301294653113,0.05490238400811254,true,165,-3.789368267800745,0.05,0.05,320.595724159,2.9868631354008555
256,5.0,7.6,1.0,100.0,0.4,0.0740154790394006,0.0021793098716335335,0.21728499440443844,0.15787137595145437,-0.036216321582535266,0.027594812314152284,0.0238568340100798,0.8117296718059275,0.9977449281516892,0.06537254586184982,true,157,-3.946791702024188,0.05,0.05,305.997732684,3.1131924668389015
256,5.0,8.0,1.0,100.0,0.4,0.07030986836866689,0.0022651958846983955,0.2167893810451033,0.16263726950424862,-0.03513048730566281,0.00656060758097432,0.030173941602337426,0.8925533598126978,0.999275419537593,0.0776993981452534,true,151,-4.105878589519243,0.05,0.05,295.71508035,3.240777802428381
256,10.0,4.0,1.0,100.0,0.4,NaN,NaN,NaN,NaN,NaN,0.1047427985763627,0.08193274211489801,0.33506155377527325,3.34300465563675,0.01912900557424907,false,3200,NaN,0.00625,0.0125,6545.324581148,2.1352119772464064
256,10.0,4.4,1.0,100.0,0.4,NaN,NaN,NaN,NaN,NaN,0.15590151895442106,0.05043934470983554,0.4722526894090917,2.601418384201748,0.02190772001797736,false,3200,NaN,0.00625,0.0125,6611.857624907,2.192138331156841
256,10.0,4.8,1.0,100.0,0.4,NaN,NaN,NaN,NaN,NaN,0.11711071306316767,0.018047318263385466,0.3848402665496131,1.4188185553669352,0.016125525315872913,false,3200,NaN,0.00625,0.0125,6658.985075024,2.2812679454201747
256,10.0,5.2,1.0,100.0,0.4,0.10554824960582761,-0.0015324097775758216,0.2156290904830082,0.10205214827729325,-0.03073444547526586,0.09450898923479834,0.006886142383766888,0.3582910474164147,0.9941633094834312,0.014418088621390157,true,278,-3.0380503984431177,0.05,0.05,557.220549515,2.3893811342694935
256,10.0,5.6,1.0,100.0,0.4,0.09790917420060981,-0.0013756366113892582,0.21664640390832585,0.11846366012383971,-0.030401836295258534,0.08277607370352214,0.0021846968833514994,0.4630097333038763,0.9924948213730356,0.01924481220315355,true,205,-3.182398186020735,0.05,0.05,404.376756675,2.505115789061748
256,10.0,6.0,1.0,100.0,0.4,0.09125676719966433,-0.0011523106265607375,0.21694366083154568,0.13107425138513484,-0.029956905583166632,0.1718761191253637,0.04515949239922417,0.992667027059968,0.9547739903785213,0.06214201880122561,true,142,-3.329072816382853,0.05,0.05,281.012854628,2.622799596439655
256,10.0,6.4,1.0,100.0,0.4,0.08551672187804174,-0.0009071899221158586,0.21736303549054856,0.14012451336036347,-0.029462716936552603,0.24692277737936585,0.06452051953309881,0.9730548134885275,0.649570503551189,0.07015416782386874,true,136,-3.479082981224795,0.05,0.05,268.236907021,2.741820998626995
256,10.0,6.8,1.0,100.0,0.4,0.08043882823608982,-0.0006676750296011336,0.21743315598591398,0.14760907130543816,-0.028922214984748285,0.31037431745903343,0.08567726931679948,0.9966388040635876,0.45699008224392434,0.08241347535201116,true,131,-3.63198575525624,0.05,0.05,257.325709732,2.863503255685324
256,10.0,7.2,1.0,100.0,0.4,0.07592480605166621,-0.00044214341018547487,0.21729663151134881,0.1538600781703608,-0.0283561811801806,0.32254086465849374,0.0946996148318102,0.9816058416700635,0.362857415666773,0.08909223850489534,true,129,-3.7875658596917696,0.05,0.05,262.062331943,2.9875777137441504
256,10.0,7.6,1.0,100.0,0.4,0.0718895236069288,-0.000235257074895745,0.21701649248061422,0.15916546190372508,-0.027777857840493442,0.3157363317538575,0.09887803904270087,0.972205379085822,0.3302774504428396,0.0942517464190204,true,128,-3.9452527707058556,0.05,0.05,251.716962836,3.1135048096574676
256,10.0,8.0,1.0,100.0,0.4,0.06826316096164928,-4.85313831864731e-5,0.2166414731933584,0.16372237952763713,-0.02719678147510196,0.3094212176234512,0.10367133016991506,0.9888780189943325,0.32898735061315243,0.10109923818614475,true,127,-4.104616271725525,0.05,0.05,248.010000359,3.2408648873439554
256,0.0,4.0,1.0,100.0,0.45,0.07728987454441955,6.214333616116896e-5,0.1495395383037639,0.0009549029526581469,-0.06628010697474616,0.0013100786605546588,0.0643394961271284,0.02232231430310261,0.9835555503662999,0.005373654018564489,true,250,-3.4080755559976468,0.05,0.05,477.78086286,3.1173498009261906
256,0.0,4.4,1.0,100.0,0.45,0.07483270269434109,7.946493957147749e-5,0.15597943659596053,0.0012090382098104793,-0.06617704109173131,0.0012179077709395525,0.065683608700968,0.015219773605745779,0.9987748625401578,0.003584391203986792,true,281,-3.473314496369204,0.05,0.05,535.38659084,3.161879193392689
256,0.0,4.8,1.0,100.0,0.45,0.07238941819887162,9.813013342047094e-5,0.16153940934000655,0.001493849684673817,-0.0655142774183117,0.002504451285911813,0.06510626130092415,0.012632954667135543,0.9913850848509136,0.0032730142892622993,true,319,-3.551356514666768,0.05,0.05,619.089312179,3.217927106983707
256,0.0,5.2,1.0,100.0,0.45,0.06997468459096688,0.00012119438320323805,0.16638118418114992,0.0018606091649259436,-0.06444941078434777,0.0033633616766948204,0.0645157081853358,0.012513423354676423,0.990870169550905,0.003468595778294281,true,363,-3.6409926226630556,0.05,0.05,695.876310467,3.284458782194015
256,0.0,5.6,1.0,100.0,0.45,0.06765698831933273,6.642423047129031e-5,0.17054579715911927,0.0010342220534952469,-0.06313852319883181,0.553180508132356,0.02831890150883234,0.9860271882310978,0.43508196436054575,0.31820403802415576,true,94,-3.7349526591438234,0.025,0.05,199.809869399,3.3542249079399875
256,0.0,6.0,1.0,100.0,0.45,0.06533819847877867,6.673714201776981e-5,0.1742981033001984,0.0010589243972825902,-0.06160895737953477,0.5867971263045224,0.022649000054776623,0.9796680001754043,0.35208576611862147,0.3720677100956804,true,122,-3.8437681430116575,0.025,0.05,312.651772397,3.438144917005922
256,0.0,6.4,1.0,100.0,0.45,0.06308685040708295,7.166381159781632e-5,0.17761072666411395,0.0011627722359947692,-0.05996316812767305,0.6329107935739708,0.019124993300680588,0.997358912588675,0.3012308215085578,0.43011394788813884,true,135,-3.9606688735872155,0.025,0.05,411.966587052,3.5294855666428804
256,0.0,6.8,1.0,100.0,0.45,0.06090926432138481,7.765344575136335e-5,0.180546681240301,0.0012916971072073815,-0.05825380081959659,0.6547136938750142,0.015986282526552344,0.9807832179269393,0.2553356069445673,0.4678942704206823,true,144,-4.085096892921188,0.025,0.05,446.017531676,3.6278206175626466
256,0.0,7.2,1.0,100.0,0.45,0.058814377654295966,8.430362277772607e-5,0.18315198018477363,0.0014402793054915939,-0.05652330749749566,0.6892819416321749,0.013004934454157091,0.9889801351993799,0.20987601597244593,0.5107582678741951,true,149,-4.215735295883139,0.025,0.05,467.983882901,3.7319231381870375
256,0.0,7.6,1.0,100.0,0.45,0.05680471838740628,9.084343608650736e-5,0.18547088638928583,0.0015960859187745449,-0.05479993956951755,0.7091396692661817,0.01001128202795452,0.980735419842671,0.16216799350250766,0.5396795893202466,true,153,-4.3521199228064145,0.025,0.05,476.921649983,3.841425974032019
256,0.0,8.0,1.0,100.0,0.45,0.05488344033198553,9.721322744460359e-5,0.1875383410129548,0.0017580098778836664,-0.053105626465644866,0.7409723428402071,0.007041779645913397,0.9939669277556074,0.1120274361236578,0.5749628881423774,true,155,-4.493229902793577,0.025,0.05,466.384108517,3.9553667909752215
256,5.0,4.0,1.0,100.0,0.45,0.07704817809267923,6.843699203201714e-6,0.14554717172795895,0.0011570901966156959,-0.03820252017076121,0.0018710840828939368,0.0060952748421379726,0.025824068829394253,0.9983677543924807,0.0030389361233701395,true,266,-3.311298710044813,0.05,0.05,521.608711801,3.02158809695006
256,5.0,4.4,1.0,100.0,0.45,0.07382771233726658,1.1449094709764518e-5,0.1544736992588373,0.0014685747010732613,-0.03922314782098289,0.0010488593313040528,0.0078081717274924795,0.016985117244794345,0.9988594177936161,0.0019100842792579842,true,304,-3.3815777094664945,0.05,0.05,601.145540598,3.06811966304943
256,5.0,4.8,1.0,100.0,0.45,0.07074643083522397,1.7676042570607953e-5,0.1616742509812431,0.0018584206238385055,-0.03970304816676788,0.0025991484581544544,0.009492219623984895,0.014578878464344136,0.9981040987257408,0.0016555370591364582,true,349,-3.4667034248404165,0.05,0.05,682.957275541,3.128676109014303
256,5.0,5.2,1.0,100.0,0.45,0.0678887216355693,1.0547018643641826e-5,0.16746125678502738,0.0009585963724903566,-0.03979427006194397,0.49676225548614394,0.0038847042529091347,0.9972743473113943,0.4009317015675473,0.04730074603716272,true,113,-3.5588373965295066,0.025,0.05,335.472170793,3.1955212187690654
256,5.0,5.6,1.0,100.0,0.45,0.06511740055150111,1.251128918278166e-5,0.17239528607893706,0.0010124235559788213,-0.039624407232273444,0.5333516574465291,0.0034718614663424964,0.9879199864160637,0.33023050886950767,0.03847357967901033,true,140,-3.666626760713037,0.025,0.05,444.023978153,3.2775506241635064
256,5.0,6.0,1.0,100.0,0.45,0.06250623966104732,1.543728868999561e-5,0.176541193885365,0.001140066082040897,-0.03926212022175231,0.5694709952732413,0.003153673894827733,0.9859514198879982,0.2859629324959158,0.03205238899256502,true,152,-3.7834252895810025,0.025,0.05,477.58993888,3.3681982841731175
256,5.0,6.4,1.0,100.0,0.45,0.060050901789544406,1.8901103028517996e-5,0.18005951283062382,0.0012978144280084434,-0.03876529782045912,0.607988456964817,0.0027126597824630697,0.9957578308003034,0.24454403442762457,0.028544869743934997,true,158,-3.907855834552246,0.025,0.05,503.414146482,3.466164179434612
256,5.0,6.8,1.0,100.0,0.45,0.057743461576145974,2.267063555674853e-5,0.18307286198062567,0.0014680986107863782,-0.03817605506464286,0.6336307690843618,0.0021171859010936118,0.991439151253104,0.2001373079578341,0.027129582609003444,true,162,-4.03898569539653,0.025,0.05,512.748125442,3.570582148604782
256,5.0,7.2,1.0,100.0,0.45,0.05557719208991277,2.6660666721356474e-5,0.1856721969622152,0.0016468432988218564,-0.037524895134238324,0.6629329079925195,0.0013491315071356223,0.9998002813333406,0.1520083450463035,0.027971425004089112,true,164,-4.175691291962286,0.025,0.05,509.687669037,3.6803702194232644
256,5.0,7.6,1.0,100.0,0.45,0.05354252277190363,3.072280026741869e-5,0.1879311207479192,0.00182662452028675,-0.03683458445539688,0.6752864257903168,0.00046056316803585204,0.9884906006498717,0.10035058142390893,0.030186266570475517,true,166,-4.317453214669927,0.025,0.05,525.080880027,3.7950566353475317
256,5.0,8.0,1.0,100.0,0.45,0.051631882701333426,3.4807024369809536e-5,0.18990536463409852,0.00200668320799102,-0.03612146372694941,0.691280983384987,0.0005558093264455935,0.9884389134248162,0.04585370321319622,0.033898662823605985,true,167,-4.46336977602355,0.025,0.05,520.558292102,3.913759898501798
256,10.0,4.0,1.0,100.0,0.45,0.07681654140650361,-2.234427129382821e-5,0.14147229463821012,0.0012181744548112354,-0.02617189247979272,0.003162701809639179,0.01801255121501854,0.030391000820195746,0.9899472779263583,0.002627691504560048,true,273,-3.274252849281904,0.05,0.05,541.235983675,2.989534154771626
256,10.0,4.4,1.0,100.0,0.45,0.07318375231083231,-2.659996252327157e-5,0.15192691674956796,0.0015693013755643517,-0.02733979728363448,0.0005873021963753722,0.016896234746990625,0.018801277287761042,0.9980369343934592,0.00145537297323306,true,313,-3.3452014195582556,0.05,0.05,619.9541093,3.0354360964168987
256,10.0,4.8,1.0,100.0,0.45,0.06976833994819029,-3.05693006639185e-5,0.1601571823316726,0.0020037873395586103,-0.028045940678544903,0.0024580030448528856,0.015227433945415186,0.01570581881032984,0.998596777040962,0.0011398243489960103,true,361,-3.432032997047002,0.05,0.05,722.203721747,3.0965286302064157
256,10.0,5.2,1.0,100.0,0.45,0.06665587287558335,-1.4168123288776924e-5,0.16663357175130017,0.0010513174786201448,-0.028421751689208012,0.4839795997446106,0.005937406632790672,0.9874285849457154,0.404169025076864,0.057564511441940414,true,121,-3.5264938447388383,0.025,0.05,362.164538965,3.1647066502896264
256,10.0,5.6,1.0,100.0,0.45,0.06368505134387933,-1.3136144847131215e-5,0.17205348540478949,0.0011286559219217084,-0.02857790372669559,0.5271910598121932,0.0045039246382336424,0.9891445277757649,0.3346657952410931,0.054067477279123866,true,147,-3.636728376896981,0.025,0.05,453.672805178,3.2483006806956842
256,10.0,6.0,1.0,100.0,0.45,0.06092678887988512,-1.2618710110934295e-5,0.17653390044231396,0.0012820920171392799,-0.028568919293680724,0.5673559420249913,0.003588425908567654,0.9935951041125102,0.2881471349535686,0.05298843504754347,true,158,-3.7560337649008684,0.025,0.05,492.211025782,3.3407115868741677
256,10.0,6.4,1.0,100.0,0.45,0.058366289156624784,-1.1889462550873642e-5,0.18028284425866303,0.0014634245215134354,-0.028440907789891876,0.5978569037819598,0.0028640093079748807,0.9896260906887555,0.24219857476771162,0.053339461581820846,true,164,-3.883032221145284,0.025,0.05,505.086406447,3.4406268348654017
256,10.0,6.8,1.0,100.0,0.45,0.055989365274807246,-1.0801892576184358e-5,0.18345112750587464,0.0016601369853358914,-0.02822680555827626,0.629685268396421,0.0023012851740181993,0.9959302064863063,0.19254997070245783,0.05576651112739611,true,167,-4.016418407164164,0.025,0.05,512.583482309,3.546783064945634
256,10.0,7.2,1.0,100.0,0.45,0.053780134033131116,-9.307280082776481e-6,0.18615428281708893,0.0018621947925001646,-0.02795072816017339,0.6525146439209095,0.0018782035112962156,0.9947298247013348,0.13830207950610557,0.05904134788133758,true,169,-4.15535976406699,0.025,0.05,533.690704145,3.6583843981053805
256,10.0,7.6,1.0,100.0,0.45,0.05172482684655533,-7.441264577384699e-6,0.1884788388521919,0.002065917135303859,-0.027630308137572713,0.6749489163973138,0.0016113143494405871,0.9991719758538631,0.08007861439038223,0.0636345004858263,true,170,-4.298968337161608,0.025,0.05,519.855539046,3.774563791077464
256,10.0,8.0,1.0,100.0,0.45,0.04980959703509458,-5.251557278124208e-6,0.19049302513381516,0.002267164996180463,-0.02727876084583672,0.6867378955848907,0.0014775839443077552,0.993081227519621,0.018978625340508766,0.06835539945414942,true,171,-4.446728725454211,0.025,0.05,472.694430549,3.894829485656101
