L,U,V,t,β,δ,uS,ud,wx,wy,QuS,Qud,Qwx,Qwy,Converged,I,f,g,g0,ΔT,μ
256,0.0,4.0,1.0,100.0,0.0,0.4046966477891144,2.7755575615628914e-17,0.0,0.0,0.9747904085205539,5.84205324764526e-14,0.328458614616758,0.328458614616758,true,126,-0.9646573665132021,0.05,0.05,12.978276324,0.0
256,0.0,4.4,1.0,100.0,0.0,0.403761864591331,1.3877787807814457e-17,0.0,0.0,0.9993096450683359,2.7667969494632297e-14,0.3830979613550174,0.3830979613550174,true,123,-0.8992655002671442,0.05,0.05,12.370703775,0.0
256,0.0,4.8,1.0,100.0,0.0,0.3978743491096982,-2.644835683796032e-9,0.0,0.0,0.7480661332062155,5.392420696751856e-6,0.9644616106539327,0.9644616106539327,true,105,-0.8347256252638268,0.05,0.05,10.994615852,0.0
256,0.0,5.2,1.0,100.0,0.0,0.3761983263662264,2.2856623540512544e-6,0.0,0.0,0.9330880779232498,0.004625147087773513,0.0,0.0,true,17,-0.7744717949074527,0.025,0.05,2.147150168,0.0
256,0.0,5.6,1.0,100.0,0.0,0.35239096015310317,2.407428329631589e-6,0.0,0.0,0.7273026249894343,0.004860364796747469,0.0,0.0,true,18,-0.72139581383589,0.025,0.05,1.530429279,0.0
256,0.0,6.0,1.0,100.0,0.0,0.32978052542439174,-3.6364165524604974e-7,0.0,0.0,0.4493523287747436,0.0007332399079244656,0.0,0.0,true,14,-0.6749725814587396,0.025,0.05,0.895087341,0.0
256,0.0,6.4,1.0,100.0,0.0,0.309176549237827,-4.774378886684971e-8,0.0,0.0,0.6862310431594576,9.618840763388886e-5,0.0,0.0,true,11,-0.6341881181799409,0.025,0.05,1.065962953,0.0
256,0.0,6.8,1.0,100.0,0.0,0.2918909617124552,-4.864860320835662e-7,0.0,0.0,0.48090743304052275,0.0009795043061133842,0.0,0.0,true,14,-0.5980718091897753,0.025,0.05,1.242256115,0.0
256,0.0,7.2,1.0,100.0,0.0,0.274610702541782,NaN,0.0,0.0,0.0,634.6201191640665,0.0,0.0,false,800,NaN,0.025,0.05,68.142422943,0.0
256,0.0,7.6,1.0,100.0,0.0,0.2603447713990019,NaN,0.0,0.0,1.1102230246251565e-13,659.402185427342,0.0,0.0,false,800,NaN,0.025,0.05,69.026753662,0.0
256,0.0,8.0,1.0,100.0,0.0,0.24747328120390835,NaN,0.0,0.0,1.0547118733938987e-12,679.1150159285256,0.0,0.0,false,800,NaN,0.025,0.05,69.195321189,0.0
256,5.0,4.0,1.0,100.0,0.0,0.4046966477891144,2.7755575615628914e-17,0.0,0.0,0.9747904085205539,5.84205324764526e-14,0.328458614616758,0.328458614616758,true,126,-0.9646573665132021,0.05,0.05,12.713744189,0.0
256,5.0,4.4,1.0,100.0,0.0,0.403761864591331,1.3877787807814457e-17,0.0,0.0,0.9993096450683359,2.7667969494632297e-14,0.3830979613550174,0.3830979613550174,true,123,-0.8992655002671442,0.05,0.05,13.041372428,0.0
256,5.0,4.8,1.0,100.0,0.0,0.3978743491096982,-2.644835683796032e-9,0.0,0.0,0.7480661332062155,5.392420696751856e-6,0.9644616106539327,0.9644616106539327,true,105,-0.8347256252638268,0.05,0.05,10.661419603,0.0
256,5.0,5.2,1.0,100.0,0.0,0.3761983263662264,2.2856623540512544e-6,0.0,0.0,0.9330880779232498,0.004625147087773513,0.0,0.0,true,17,-0.7744717949074527,0.025,0.05,1.570233879,0.0
256,5.0,5.6,1.0,100.0,0.0,0.35239096015310317,2.407428329631589e-6,0.0,0.0,0.7273026249894343,0.004860364796747469,0.0,0.0,true,18,-0.72139581383589,0.025,0.05,1.602721984,0.0
256,5.0,6.0,1.0,100.0,0.0,0.32978052542439174,-3.6364165524604974e-7,0.0,0.0,0.4493523287747436,0.0007332399079244656,0.0,0.0,true,14,-0.6749725814587396,0.025,0.05,0.986080365,0.0
256,5.0,6.4,1.0,100.0,0.0,0.309176549237827,-4.774378886684971e-8,0.0,0.0,0.6862310431594576,9.618840763388886e-5,0.0,0.0,true,11,-0.6341881181799409,0.025,0.05,1.110208396,0.0
256,5.0,6.8,1.0,100.0,0.0,0.2918909617124552,-4.864860320835662e-7,0.0,0.0,0.48090743304052275,0.0009795043061133842,0.0,0.0,true,14,-0.5980718091897753,0.025,0.05,0.99911485,0.0
256,5.0,7.2,1.0,100.0,0.0,0.274610702541782,NaN,0.0,0.0,0.0,634.6201191640665,0.0,0.0,false,800,NaN,0.025,0.05,69.914737914,0.0
256,5.0,7.6,1.0,100.0,0.0,0.2603447713990019,NaN,0.0,0.0,1.1102230246251565e-13,659.402185427342,0.0,0.0,false,800,NaN,0.025,0.05,69.369072711,0.0
256,5.0,8.0,1.0,100.0,0.0,0.24747328120390835,NaN,0.0,0.0,1.0547118733938987e-12,679.1150159285256,0.0,0.0,false,800,NaN,0.025,0.05,69.495459129,0.0
256,10.0,4.0,1.0,100.0,0.0,0.4046966477891144,2.7755575615628914e-17,0.0,0.0,0.9747904085205539,5.84205324764526e-14,0.328458614616758,0.328458614616758,true,126,-0.9646573665132021,0.05,0.05,12.915812817,0.0
256,10.0,4.4,1.0,100.0,0.0,0.403761864591331,1.3877787807814457e-17,0.0,0.0,0.9993096450683359,2.7667969494632297e-14,0.3830979613550174,0.3830979613550174,true,123,-0.8992655002671442,0.05,0.05,11.958941155,0.0
256,10.0,4.8,1.0,100.0,0.0,0.3978743491096982,-2.644835683796032e-9,0.0,0.0,0.7480661332062155,5.392420696751856e-6,0.9644616106539327,0.9644616106539327,true,105,-0.8347256252638268,0.05,0.05,10.925320819,0.0
256,10.0,5.2,1.0,100.0,0.0,0.3761983263662264,2.2856623540512544e-6,0.0,0.0,0.9330880779232498,0.004625147087773513,0.0,0.0,true,17,-0.7744717949074527,0.025,0.05,1.498088733,0.0
256,10.0,5.6,1.0,100.0,0.0,0.35239096015310317,2.407428329631589e-6,0.0,0.0,0.7273026249894343,0.004860364796747469,0.0,0.0,true,18,-0.72139581383589,0.025,0.05,1.608872558,0.0
256,10.0,6.0,1.0,100.0,0.0,0.32978052542439174,-3.6364165524604974e-7,0.0,0.0,0.4493523287747436,0.0007332399079244656,0.0,0.0,true,14,-0.6749725814587396,0.025,0.05,1.067430677,0.0
256,10.0,6.4,1.0,100.0,0.0,0.309176549237827,-4.774378886684971e-8,0.0,0.0,0.6862310431594576,9.618840763388886e-5,0.0,0.0,true,11,-0.6341881181799409,0.025,0.05,1.013322072,0.0
256,10.0,6.8,1.0,100.0,0.0,0.2918909617124552,-4.864860320835662e-7,0.0,0.0,0.48090743304052275,0.0009795043061133842,0.0,0.0,true,14,-0.5980718091897753,0.025,0.05,1.040710852,0.0
256,10.0,7.2,1.0,100.0,0.0,0.274610702541782,NaN,0.0,0.0,0.0,634.6201191640665,0.0,0.0,false,800,NaN,0.025,0.05,71.655119852,0.0
256,10.0,7.6,1.0,100.0,0.0,0.2603447713990019,NaN,0.0,0.0,1.1102230246251565e-13,659.402185427342,0.0,0.0,false,800,NaN,0.025,0.05,70.395630742,0.0
256,10.0,8.0,1.0,100.0,0.0,0.24747328120390835,NaN,0.0,0.0,1.0547118733938987e-12,679.1150159285256,0.0,0.0,false,800,NaN,0.025,0.05,70.73603879,0.0
256,0.0,4.0,1.0,100.0,0.05,0.40272966821072975,0.0,0.0,0.0,0.9728376394537719,1.5090155250102736e-15,0.328458614616758,0.328458614616758,true,126,-0.9829210496872541,0.05,0.05,437.040928174,0.03632028776970209
256,0.0,4.4,1.0,100.0,0.05,0.40184064579079665,2.7755575615628914e-17,0.0,0.0,0.9515695582903438,5.624146960965997e-14,0.3639430632872665,0.3639430632872665,true,124,-0.910702039292193,0.05,0.05,425.527857314,0.022763697025195866
256,0.0,4.8,1.0,100.0,0.05,0.39654748292743525,-9.049705429475807e-14,0.0,0.0,0.9195697075710108,1.8503279005970153e-10,0.9644616106539327,0.9644616106539327,true,105,-0.8402652745318886,0.05,0.05,363.948324523,0.011028208986189355
256,0.0,5.2,1.0,100.0,0.05,0.3758646734599735,9.243564247363167e-12,0.0,0.0,0.8557720775684841,1.8718303335495397e-8,0.0,0.0,true,15,-0.7773892453508585,0.025,0.05,43.542040581,0.00582879719186575
256,0.0,5.6,1.0,100.0,0.05,0.3522829084237437,7.509026733742985e-11,0.0,0.0,0.8296890486908515,1.5165543385445158e-7,0.0,0.0,true,16,-0.72361308463654,0.025,0.05,46.894618882,0.004420884526460746
256,0.0,6.0,1.0,100.0,0.05,0.3296407277850063,1.0317149912175694e-11,0.0,0.0,0.3452905811937024,2.0808241852257457e-8,0.0,0.0,true,15,-0.6768461572755429,0.025,0.05,43.47660129,0.0037508738428245415
256,0.0,6.4,1.0,100.0,0.05,0.30940137629337927,1.4331452691251911e-12,0.0,0.0,0.10307950076349215,2.887852658467238e-9,0.0,0.0,true,12,-0.6358417328816843,0.025,0.05,35.118015488,0.0033627479585851203
256,0.0,6.8,1.0,100.0,0.05,0.2920163958260609,-1.3070114435187463e-11,0.0,0.0,0.8267817286533585,2.6319535057521704e-8,0.0,0.0,true,14,-0.5996775271754231,0.025,0.05,40.606471001,0.0031152006611705717
256,0.0,7.2,1.0,100.0,0.05,0.27605864494847343,-3.177916375884937e-7,0.0,0.0,0.8081709524749847,0.0006396058759964808,0.0,0.0,true,23,-0.5674417209731208,0.025,0.05,67.926928417,0.0029336468137622176
256,0.0,7.6,1.0,100.0,0.05,0.26027689665789355,NaN,0.0,0.0,1.6653345369377348e-12,645.4221775039617,0.0,0.0,false,800,NaN,0.025,0.05,2284.008259079,0.0075355353249703305
256,0.0,8.0,1.0,100.0,0.05,0.24740747449803596,NaN,0.0,0.0,3.885780586188048e-13,666.210847682461,0.0,0.0,false,800,NaN,0.025,0.05,2331.696606933,0.00770894362216478
256,5.0,4.0,1.0,100.0,0.05,0.40272966821072975,0.0,0.0,0.0,0.9728376394537719,1.5090155250102736e-15,0.328458614616758,0.328458614616758,true,126,-0.9829210496872541,0.05,0.05,388.156970005,0.03632028776970209
256,5.0,4.4,1.0,100.0,0.05,0.40184064579079665,2.7755575615628914e-17,0.0,0.0,0.9515695582903438,5.624146960965997e-14,0.3639430632872665,0.3639430632872665,true,124,-0.910702039292193,0.05,0.05,379.556624873,0.022763697025195866
256,5.0,4.8,1.0,100.0,0.05,0.39654748292743525,-9.049705429475807e-14,0.0,0.0,0.9195697075710108,1.8503279005970153e-10,0.9644616106539327,0.9644616106539327,true,105,-0.8402652745318886,0.05,0.05,323.352983547,0.011028208986189355
256,5.0,5.2,1.0,100.0,0.05,0.3758646734599735,9.243564247363167e-12,0.0,0.0,0.8557720775684841,1.8718303335495397e-8,0.0,0.0,true,15,-0.7773892453508585,0.025,0.05,43.534535445,0.00582879719186575
256,5.0,5.6,1.0,100.0,0.05,0.3522829084237437,7.509026733742985e-11,0.0,0.0,0.8296890486908515,1.5165543385445158e-7,0.0,0.0,true,16,-0.72361308463654,0.025,0.05,46.701396894,0.004420884526460746
256,5.0,6.0,1.0,100.0,0.05,0.3296407277850063,1.0317149912175694e-11,0.0,0.0,0.3452905811937024,2.0808241852257457e-8,0.0,0.0,true,15,-0.6768461572755429,0.025,0.05,43.575152108,0.0037508738428245415
256,5.0,6.4,1.0,100.0,0.05,0.30940137629337927,1.4331452691251911e-12,0.0,0.0,0.10307950076349215,2.887852658467238e-9,0.0,0.0,true,12,-0.6358417328816843,0.025,0.05,35.130269892,0.0033627479585851203
256,5.0,6.8,1.0,100.0,0.05,0.2920163958260609,-1.3070114435187463e-11,0.0,0.0,0.8267817286533585,2.6319535057521704e-8,0.0,0.0,true,14,-0.5996775271754231,0.025,0.05,40.585794089,0.0031152006611705717
256,5.0,7.2,1.0,100.0,0.05,0.27605864494847343,-3.177916375884937e-7,0.0,0.0,0.8081709524749847,0.0006396058759964808,0.0,0.0,true,23,-0.5674417209731208,0.025,0.05,67.628459439,0.0029336468137622176
256,5.0,7.6,1.0,100.0,0.05,0.26027689665789355,NaN,0.0,0.0,1.6653345369377348e-12,645.4221775039617,0.0,0.0,false,800,NaN,0.025,0.05,2290.615574897,0.0075355353249703305
256,5.0,8.0,1.0,100.0,0.05,0.24740747449803596,NaN,0.0,0.0,3.885780586188048e-13,666.210847682461,0.0,0.0,false,800,NaN,0.025,0.05,2323.434083643,0.00770894362216478
256,10.0,4.0,1.0,100.0,0.05,0.40272966821072975,0.0,0.0,0.0,0.9728376394537719,1.5090155250102736e-15,0.328458614616758,0.328458614616758,true,126,-0.9829210496872541,0.05,0.05,441.324754474,0.03632028776970209
256,10.0,4.4,1.0,100.0,0.05,0.40184064579079665,2.7755575615628914e-17,0.0,0.0,0.9515695582903438,5.624146960965997e-14,0.3639430632872665,0.3639430632872665,true,124,-0.910702039292193,0.05,0.05,432.247805645,0.022763697025195866
256,10.0,4.8,1.0,100.0,0.05,0.39654748292743525,-9.049705429475807e-14,0.0,0.0,0.9195697075710108,1.8503279005970153e-10,0.9644616106539327,0.9644616106539327,true,105,-0.8402652745318886,0.05,0.05,367.938281076,0.011028208986189355
256,10.0,5.2,1.0,100.0,0.05,0.3758646734599735,9.243564247363167e-12,0.0,0.0,0.8557720775684841,1.8718303335495397e-8,0.0,0.0,true,15,-0.7773892453508585,0.025,0.05,42.906441882,0.00582879719186575
256,10.0,5.6,1.0,100.0,0.05,0.3522829084237437,7.509026733742985e-11,0.0,0.0,0.8296890486908515,1.5165543385445158e-7,0.0,0.0,true,16,-0.72361308463654,0.025,0.05,46.257803265,0.004420884526460746
256,10.0,6.0,1.0,100.0,0.05,0.3296407277850063,1.0317149912175694e-11,0.0,0.0,0.3452905811937024,2.0808241852257457e-8,0.0,0.0,true,15,-0.6768461572755429,0.025,0.05,44.141990326,0.0037508738428245415
256,10.0,6.4,1.0,100.0,0.05,0.30940137629337927,1.4331452691251911e-12,0.0,0.0,0.10307950076349215,2.887852658467238e-9,0.0,0.0,true,12,-0.6358417328816843,0.025,0.05,34.984420753,0.0033627479585851203
256,10.0,6.8,1.0,100.0,0.05,0.2920163958260609,-1.3070114435187463e-11,0.0,0.0,0.8267817286533585,2.6319535057521704e-8,0.0,0.0,true,14,-0.5996775271754231,0.025,0.05,40.210568943,0.0031152006611705717
256,10.0,7.2,1.0,100.0,0.05,0.27605864494847343,-3.177916375884937e-7,0.0,0.0,0.8081709524749847,0.0006396058759964808,0.0,0.0,true,23,-0.5674417209731208,0.025,0.05,66.536453006,0.0029336468137622176
256,10.0,7.6,1.0,100.0,0.05,0.26027689665789355,NaN,0.0,0.0,1.6653345369377348e-12,645.4221775039617,0.0,0.0,false,800,NaN,0.025,0.05,2283.773400954,0.0075355353249703305
256,10.0,8.0,1.0,100.0,0.05,0.24740747449803596,NaN,0.0,0.0,3.885780586188048e-13,666.210847682461,0.0,0.0,false,800,NaN,0.025,0.05,2327.641999062,0.00770894362216478
256,0.0,4.0,1.0,100.0,0.1,0.3954229199786941,4.163336342344337e-17,0.0,0.0,0.9652894012717184,8.768277084582254e-14,0.328458614616758,0.328458614616758,true,126,-1.0109228639083963,0.05,0.05,451.126126573,0.09014597360877598
256,0.0,4.4,1.0,100.0,0.1,0.39487813974141384,-2.7755575615628914e-17,0.0,0.0,0.993559522159404,5.533326503969984e-14,0.3639430632872665,0.3639430632872665,true,124,-0.9287520684030528,0.05,0.05,433.76966465,0.05731937052163629
256,0.0,4.8,1.0,100.0,0.1,0.3915624803226935,-1.3877787807814457e-17,0.0,0.0,0.9602237889342335,2.8315250640580898e-14,0.6735195133702903,0.6735195133702903,true,112,-0.8491709097211386,0.05,0.05,396.614023128,0.028019433697183134
256,0.0,5.2,1.0,100.0,0.1,0.3751902116800935,-6.938893903907228e-17,0.0,0.0,0.919237170030951,1.4032765180497312e-13,0.0,0.0,true,28,-0.7813832832789597,0.025,0.05,83.674763311,0.013566712244745989
256,0.0,5.6,1.0,100.0,0.1,0.35102994750178806,2.7755575615628914e-17,0.0,0.0,0.700917711337623,5.658723697276091e-14,0.0,0.0,true,12,-0.7262107846123252,0.025,0.05,36.61779802,0.00953924627480148
256,0.0,6.0,1.0,100.0,0.1,0.32940192265121127,-1.8041124150158794e-16,0.0,0.0,0.4753004440526398,3.6371183378857567e-13,0.0,0.0,true,15,-0.6789908815204126,0.025,0.05,45.552412229,0.007970849696860814
256,0.0,6.4,1.0,100.0,0.1,0.3097247766952951,1.3600232051658168e-15,0.0,0.0,0.9694590131323899,2.7420902201527598e-12,0.0,0.0,true,13,-0.6377855336438282,0.025,0.05,39.035310739,0.00707612916260912
256,0.0,6.8,1.0,100.0,0.1,0.2913096287722612,8.618106228652778e-15,0.0,0.0,0.3187785955528488,1.7362619186854418e-11,0.0,0.0,true,14,-0.6013108587687422,0.025,0.05,42.003329377,0.006472939298934531
256,0.0,7.2,1.0,100.0,0.1,0.2752420604763971,-2.7891577936145495e-13,0.0,0.0,0.6233702273127362,5.615804952509996e-10,0.0,0.0,true,18,-0.5689734818657927,0.025,0.05,52.981446754,0.006062584942295022
256,0.0,7.6,1.0,100.0,0.1,0.2600900847792448,NaN,0.0,0.0,7.771561172376096e-13,601.2103037059616,0.0,0.0,false,800,NaN,0.025,0.05,2423.783137331,0.014741553447828988
256,0.0,8.0,1.0,100.0,0.1,0.2472235297553312,NaN,0.0,0.0,1.27675647831893e-12,625.5499741727117,0.0,0.0,false,800,NaN,0.025,0.05,2403.34053271,0.01516384625428804
256,5.0,4.0,1.0,100.0,0.1,0.3954229199786941,4.163336342344337e-17,0.0,0.0,0.9652894012717184,8.768277084582254e-14,0.328458614616758,0.328458614616758,true,126,-1.0109228639083963,0.05,0.05,449.391740438,0.09014597360877598
256,5.0,4.4,1.0,100.0,0.1,0.39487813974141384,-2.7755575615628914e-17,0.0,0.0,0.993559522159404,5.533326503969984e-14,0.3639430632872665,0.3639430632872665,true,124,-0.9287520684030528,0.05,0.05,443.075361769,0.05731937052163629
256,5.0,4.8,1.0,100.0,0.1,0.3915624803226935,-1.3877787807814457e-17,0.0,0.0,0.9602237889342335,2.8315250640580898e-14,0.6735195133702903,0.6735195133702903,true,112,-0.8491709097211386,0.05,0.05,397.928968367,0.028019433697183134
256,5.0,5.2,1.0,100.0,0.1,0.3751902116800935,-6.938893903907228e-17,0.0,0.0,0.919237170030951,1.4032765180497312e-13,0.0,0.0,true,28,-0.7813832832789597,0.025,0.05,85.578383632,0.013566712244745989
256,5.0,5.6,1.0,100.0,0.1,0.35102994750178806,2.7755575615628914e-17,0.0,0.0,0.700917711337623,5.658723697276091e-14,0.0,0.0,true,12,-0.7262107846123252,0.025,0.05,37.102361351,0.00953924627480148
256,5.0,6.0,1.0,100.0,0.1,0.32940192265121127,-1.8041124150158794e-16,0.0,0.0,0.4753004440526398,3.6371183378857567e-13,0.0,0.0,true,15,-0.6789908815204126,0.025,0.05,45.419392819,0.007970849696860814
256,5.0,6.4,1.0,100.0,0.1,0.3097247766952951,1.3600232051658168e-15,0.0,0.0,0.9694590131323899,2.7420902201527598e-12,0.0,0.0,true,13,-0.6377855336438282,0.025,0.05,38.367845753,0.00707612916260912
256,5.0,6.8,1.0,100.0,0.1,0.2913096287722612,8.618106228652778e-15,0.0,0.0,0.3187785955528488,1.7362619186854418e-11,0.0,0.0,true,14,-0.6013108587687422,0.025,0.05,41.896742257,0.006472939298934531
256,5.0,7.2,1.0,100.0,0.1,0.2752420604763971,-2.7891577936145495e-13,0.0,0.0,0.6233702273127362,5.615804952509996e-10,0.0,0.0,true,18,-0.5689734818657927,0.025,0.05,53.604006238,0.006062584942295022
256,5.0,7.6,1.0,100.0,0.1,0.2600900847792448,NaN,0.0,0.0,7.771561172376096e-13,601.2103037059616,0.0,0.0,false,800,NaN,0.025,0.05,2426.815720791,0.014741553447828988
256,5.0,8.0,1.0,100.0,0.1,0.2472235297553312,NaN,0.0,0.0,1.27675647831893e-12,625.5499741727117,0.0,0.0,false,800,NaN,0.025,0.05,2403.862963867,0.01516384625428804
256,10.0,4.0,1.0,100.0,0.1,0.3954229199786941,4.163336342344337e-17,0.0,0.0,0.9652894012717184,8.768277084582254e-14,0.328458614616758,0.328458614616758,true,126,-1.0109228639083963,0.05,0.05,451.419448655,0.09014597360877598
256,10.0,4.4,1.0,100.0,0.1,0.39487813974141384,-2.7755575615628914e-17,0.0,0.0,0.993559522159404,5.533326503969984e-14,0.3639430632872665,0.3639430632872665,true,124,-0.9287520684030528,0.05,0.05,440.415184916,0.05731937052163629
256,10.0,4.8,1.0,100.0,0.1,0.3915624803226935,-1.3877787807814457e-17,0.0,0.0,0.9602237889342335,2.8315250640580898e-14,0.6735195133702903,0.6735195133702903,true,112,-0.8491709097211386,0.05,0.05,408.737472176,0.028019433697183134
256,10.0,5.2,1.0,100.0,0.1,0.3751902116800935,-6.938893903907228e-17,0.0,0.0,0.919237170030951,1.4032765180497312e-13,0.0,0.0,true,28,-0.7813832832789597,0.025,0.05,83.77131273,0.013566712244745989
256,10.0,5.6,1.0,100.0,0.1,0.35102994750178806,2.7755575615628914e-17,0.0,0.0,0.700917711337623,5.658723697276091e-14,0.0,0.0,true,12,-0.7262107846123252,0.025,0.05,36.558620672,0.00953924627480148
256,10.0,6.0,1.0,100.0,0.1,0.32940192265121127,-1.8041124150158794e-16,0.0,0.0,0.4753004440526398,3.6371183378857567e-13,0.0,0.0,true,15,-0.6789908815204126,0.025,0.05,45.347463793,0.007970849696860814
256,10.0,6.4,1.0,100.0,0.1,0.3097247766952951,1.3600232051658168e-15,0.0,0.0,0.9694590131323899,2.7420902201527598e-12,0.0,0.0,true,13,-0.6377855336438282,0.025,0.05,38.775382423,0.00707612916260912
256,10.0,6.8,1.0,100.0,0.1,0.2913096287722612,8.618106228652778e-15,0.0,0.0,0.3187785955528488,1.7362619186854418e-11,0.0,0.0,true,14,-0.6013108587687422,0.025,0.05,41.898435741,0.006472939298934531
256,10.0,7.2,1.0,100.0,0.1,0.2752420604763971,-2.7891577936145495e-13,0.0,0.0,0.6233702273127362,5.615804952509996e-10,0.0,0.0,true,18,-0.5689734818657927,0.025,0.05,53.640120858,0.006062584942295022
256,10.0,7.6,1.0,100.0,0.1,0.2600900847792448,NaN,0.0,0.0,7.771561172376096e-13,601.2103037059616,0.0,0.0,false,800,NaN,0.025,0.05,2444.540551603,0.014741553447828988
256,10.0,8.0,1.0,100.0,0.1,0.2472235297553312,NaN,0.0,0.0,1.27675647831893e-12,625.5499741727117,0.0,0.0,false,800,NaN,0.025,0.05,2411.845274474,0.01516384625428804
256,0.0,4.0,1.0,100.0,0.15,0.3812884073499381,-1.166289287368727e-13,0.0,0.0,0.9782256431351,2.9356248360793415e-10,0.3457459101229032,0.3457459101229032,true,125,-1.0559994400657562,0.05,0.05,444.729351094,0.17220332378088438
256,0.0,4.4,1.0,100.0,0.15,0.3810240773770241,2.7755575615628914e-17,0.0,0.0,0.949535375622923,5.3933381801817384e-14,0.3457459101229032,0.3457459101229032,true,125,-0.9625367776376395,0.05,0.05,443.619819316,0.1178274037489906
256,0.0,4.8,1.0,100.0,0.15,0.3798525757069666,-8.326672684688674e-17,0.0,0.0,0.9955187188286363,1.7264554057793161e-13,0.4468266060417173,0.4468266060417173,true,120,-0.8705312829944956,0.05,0.05,426.592056303,0.06541588734878807
256,0.0,5.2,1.0,100.0,0.15,0.3708787843070972,8.326672684688674e-17,0.0,0.0,0.09823670192243839,1.684490913475473e-13,0.9644616106539327,0.9644616106539327,true,105,-0.7894465723475722,0.05,0.05,373.826863522,0.027955469851502296
256,0.0,5.6,1.0,100.0,0.15,0.34971063988791784,0.0,0.0,0.0,0.8208640007512091,7.219384309616495e-17,0.0,0.0,true,16,-0.730250204975227,0.025,0.05,49.443414088,0.01701972367507435
256,0.0,6.0,1.0,100.0,0.15,0.3288315658707609,1.3461454173580023e-15,0.0,0.0,0.6477220324990762,2.7225155893245446e-12,0.0,0.0,true,16,-0.6819359802006738,0.025,0.05,48.826361761,0.013501385071569085
256,0.0,6.4,1.0,100.0,0.15,0.3092212151904241,-9.43689570931383e-16,0.0,0.0,0.7810022426245622,1.9055617404474663e-12,0.0,0.0,true,14,-0.6401642366584221,0.025,0.05,43.219079082,0.011653552774033852
256,0.0,6.8,1.0,100.0,0.15,0.29122331189970735,1.0269562977782698e-15,0.0,0.0,0.0956485850247546,2.0707757698471234e-12,0.0,0.0,true,12,-0.6034034076161963,0.025,0.05,36.87750841,0.010500480636677252
256,0.0,7.2,1.0,100.0,0.15,0.2748872855671725,-6.147859998861804e-15,0.0,0.0,0.901907855409001,1.2388543955635536e-11,0.0,0.0,true,14,-0.5709059841386287,0.025,0.05,42.648826593,0.0097126022902662
256,0.0,7.6,1.0,100.0,0.15,0.2615421366998447,-1.032987584359546e-11,0.0,0.0,0.9529001575594442,2.0802941187128797e-8,0.0,0.0,true,21,-0.5418741763804888,0.025,0.05,63.22236665,0.009192353102083675
256,0.0,8.0,1.0,100.0,0.15,0.2469768412753035,NaN,0.0,0.0,0.0,550.59611340257,0.0,0.0,false,800,NaN,0.025,0.05,2468.671838888,0.02163780561949782
256,5.0,4.0,1.0,100.0,0.15,0.3812884073499381,-1.166289287368727e-13,0.0,0.0,0.9782256431351,2.9356248360793415e-10,0.3457459101229032,0.3457459101229032,true,125,-1.0559994400657562,0.05,0.05,449.571008261,0.17220332378088438
256,5.0,4.4,1.0,100.0,0.15,0.3810240773770241,2.7755575615628914e-17,0.0,0.0,0.949535375622923,5.3933381801817384e-14,0.3457459101229032,0.3457459101229032,true,125,-0.9625367776376395,0.05,0.05,451.670106824,0.1178274037489906
256,5.0,4.8,1.0,100.0,0.15,0.3798525757069666,-8.326672684688674e-17,0.0,0.0,0.9955187188286363,1.7264554057793161e-13,0.4468266060417173,0.4468266060417173,true,120,-0.8705312829944956,0.05,0.05,430.207054941,0.06541588734878807
256,5.0,5.2,1.0,100.0,0.15,0.3708787843070972,8.326672684688674e-17,0.0,0.0,0.09823670192243839,1.684490913475473e-13,0.9644616106539327,0.9644616106539327,true,105,-0.7894465723475722,0.05,0.05,377.409000656,0.027955469851502296
256,5.0,5.6,1.0,100.0,0.15,0.34971063988791784,0.0,0.0,0.0,0.8208640007512091,7.219384309616495e-17,0.0,0.0,true,16,-0.730250204975227,0.025,0.05,48.924206195,0.01701972367507435
256,5.0,6.0,1.0,100.0,0.15,0.3288315658707609,1.3461454173580023e-15,0.0,0.0,0.6477220324990762,2.7225155893245446e-12,0.0,0.0,true,16,-0.6819359802006738,0.025,0.05,48.332172773,0.013501385071569085
256,5.0,6.4,1.0,100.0,0.15,0.3092212151904241,-9.43689570931383e-16,0.0,0.0,0.7810022426245622,1.9055617404474663e-12,0.0,0.0,true,14,-0.6401642366584221,0.025,0.05,43.545229629,0.011653552774033852
256,5.0,6.8,1.0,100.0,0.15,0.29122331189970735,1.0269562977782698e-15,0.0,0.0,0.0956485850247546,2.0707757698471234e-12,0.0,0.0,true,12,-0.6034034076161963,0.025,0.05,36.497837359,0.010500480636677252
256,5.0,7.2,1.0,100.0,0.15,0.2748872855671725,-6.147859998861804e-15,0.0,0.0,0.901907855409001,1.2388543955635536e-11,0.0,0.0,true,14,-0.5709059841386287,0.025,0.05,43.028821371,0.0097126022902662
256,5.0,7.6,1.0,100.0,0.15,0.2615421366998447,-1.032987584359546e-11,0.0,0.0,0.9529001575594442,2.0802941187128797e-8,0.0,0.0,true,21,-0.5418741763804888,0.025,0.05,63.910673974,0.009192353102083675
256,5.0,8.0,1.0,100.0,0.15,0.2469768412753035,NaN,0.0,0.0,0.0,550.59611340257,0.0,0.0,false,800,NaN,0.025,0.05,2446.062450605,0.02163780561949782
256,10.0,4.0,1.0,100.0,0.15,0.3812884073499381,-1.166289287368727e-13,0.0,0.0,0.9782256431351,2.9356248360793415e-10,0.3457459101229032,0.3457459101229032,true,125,-1.0559994400657562,0.05,0.05,442.326175491,0.17220332378088438
256,10.0,4.4,1.0,100.0,0.15,0.3810240773770241,2.7755575615628914e-17,0.0,0.0,0.949535375622923,5.3933381801817384e-14,0.3457459101229032,0.3457459101229032,true,125,-0.9625367776376395,0.05,0.05,450.290475769,0.1178274037489906
256,10.0,4.8,1.0,100.0,0.15,0.3798525757069666,-8.326672684688674e-17,0.0,0.0,0.9955187188286363,1.7264554057793161e-13,0.4468266060417173,0.4468266060417173,true,120,-0.8705312829944956,0.05,0.05,431.534387451,0.06541588734878807
256,10.0,5.2,1.0,100.0,0.15,0.3708787843070972,8.326672684688674e-17,0.0,0.0,0.09823670192243839,1.684490913475473e-13,0.9644616106539327,0.9644616106539327,true,105,-0.7894465723475722,0.05,0.05,381.212761957,0.027955469851502296
256,10.0,5.6,1.0,100.0,0.15,0.34971063988791784,0.0,0.0,0.0,0.8208640007512091,7.219384309616495e-17,0.0,0.0,true,16,-0.730250204975227,0.025,0.05,49.607372786,0.01701972367507435
256,10.0,6.0,1.0,100.0,0.15,0.3288315658707609,1.3461454173580023e-15,0.0,0.0,0.6477220324990762,2.7225155893245446e-12,0.0,0.0,true,16,-0.6819359802006738,0.025,0.05,49.030185513,0.013501385071569085
256,10.0,6.4,1.0,100.0,0.15,0.3092212151904241,-9.43689570931383e-16,0.0,0.0,0.7810022426245622,1.9055617404474663e-12,0.0,0.0,true,14,-0.6401642366584221,0.025,0.05,43.869094885,0.011653552774033852
256,10.0,6.8,1.0,100.0,0.15,0.29122331189970735,1.0269562977782698e-15,0.0,0.0,0.0956485850247546,2.0707757698471234e-12,0.0,0.0,true,12,-0.6034034076161963,0.025,0.05,36.56771494,0.010500480636677252
256,10.0,7.2,1.0,100.0,0.15,0.2748872855671725,-6.147859998861804e-15,0.0,0.0,0.901907855409001,1.2388543955635536e-11,0.0,0.0,true,14,-0.5709059841386287,0.025,0.05,42.718360144,0.0097126022902662
256,10.0,7.6,1.0,100.0,0.15,0.2615421366998447,-1.032987584359546e-11,0.0,0.0,0.9529001575594442,2.0802941187128797e-8,0.0,0.0,true,21,-0.5418741763804888,0.025,0.05,63.708864292,0.009192353102083675
256,10.0,8.0,1.0,100.0,0.15,0.2469768412753035,NaN,0.0,0.0,0.0,550.59611340257,0.0,0.0,false,800,NaN,0.025,0.05,2447.326049643,0.02163780561949782
256,0.0,4.0,1.0,100.0,0.2,0.3592102971757982,-1.1340260119840906e-9,0.0,0.0,0.9550899635806243,3.2792127037975958e-6,0.3639430632872665,0.3639430632872665,true,124,-1.1306462706849554,0.05,0.05,413.056933187,0.29944068347358094
256,0.0,4.4,1.0,100.0,0.2,0.35909647221961105,-7.98755506181692e-12,0.0,0.0,0.997244881488335,2.0805321501674387e-8,0.3830979613550174,0.3830979613550174,true,123,-1.0261202051388536,0.05,0.05,413.550638143,0.22382910514767565
256,0.0,4.8,1.0,100.0,0.2,0.35876807432113034,-1.6653345369377348e-16,0.0,0.0,0.9543236735607419,4.0448876384276447e-13,0.3830979613550174,0.3830979613550174,true,123,-0.9220446684380885,0.05,0.05,417.647116581,0.14877882750250798
256,0.0,5.2,1.0,100.0,0.2,0.3571426589751473,2.7755575615628914e-17,0.0,0.0,0.9744052462310471,5.85748807304698e-14,0.5485858531370599,0.5485858531370599,true,116,-0.8210256958895464,0.05,0.05,398.931357767,0.07777046833550513
256,0.0,5.6,1.0,100.0,0.2,0.34624388150682467,-5.551115123125783e-17,0.0,0.0,0.006235101063012394,1.1202404391812159e-13,0.9644616106539327,0.9644616106539327,true,105,-0.7407719044946117,0.05,0.05,365.06486722,0.03428862161085639
256,0.0,6.0,1.0,100.0,0.2,0.3265809670409907,5.551115123125783e-17,0.0,0.0,0.9790266176388229,1.1473568588615062e-13,0.0,0.0,true,13,-0.6872876927753002,0.025,0.05,39.299868263,0.022679873886568173
256,0.0,6.4,1.0,100.0,0.2,0.3083704690925956,8.881784197001252e-16,0.0,0.0,0.7809586138600721,1.7992979894465429e-12,0.0,0.0,true,11,-0.6440554673964661,0.025,0.05,32.700492695,0.018492154054123786
256,0.0,6.8,1.0,100.0,0.2,0.29078493478428324,1.942890293094024e-16,0.0,0.0,0.34838915248880387,3.9265551210819195e-13,0.0,0.0,true,13,-0.6065357410185784,0.025,0.05,39.048299592,0.016082158795404474
256,0.0,7.2,1.0,100.0,0.2,0.27512643012025895,-7.771561172376096e-16,0.0,0.0,0.4185378771355275,1.5682494584664155e-12,0.0,0.0,true,11,-0.5735331811010005,0.025,0.05,33.263167447,0.014581058150226443
256,0.0,7.6,1.0,100.0,0.2,0.2605290396608254,-2.5146551507759796e-14,0.0,0.0,0.4678654672952698,5.0710796157610004e-11,0.0,0.0,true,11,-0.5441154965102072,0.025,0.05,32.136764755,0.01350902790241608
256,0.0,8.0,1.0,100.0,0.2,0.24748415672627855,-1.7812140651329855e-13,0.0,0.0,0.929092495210504,3.5893676031261274e-10,0.0,0.0,true,14,-0.5178138682359462,0.025,0.05,42.131676373,0.012734376113787782
256,5.0,4.0,1.0,100.0,0.2,0.3592102971757982,-1.1340260119840906e-9,0.0,0.0,0.9550899635806243,3.2792127037975958e-6,0.3639430632872665,0.3639430632872665,true,124,-1.1306462706849554,0.05,0.05,421.158025901,0.29944068347358094
256,5.0,4.4,1.0,100.0,0.2,0.35909647221961105,-7.98755506181692e-12,0.0,0.0,0.997244881488335,2.0805321501674387e-8,0.3830979613550174,0.3830979613550174,true,123,-1.0261202051388536,0.05,0.05,415.676585381,0.22382910514767565
256,5.0,4.8,1.0,100.0,0.2,0.35876807432113034,-1.6653345369377348e-16,0.0,0.0,0.9543236735607419,4.0448876384276447e-13,0.3830979613550174,0.3830979613550174,true,123,-0.9220446684380885,0.05,0.05,427.362187996,0.14877882750250798
256,5.0,5.2,1.0,100.0,0.2,0.3571426589751473,2.7755575615628914e-17,0.0,0.0,0.9744052462310471,5.85748807304698e-14,0.5485858531370599,0.5485858531370599,true,116,-0.8210256958895464,0.05,0.05,402.173036633,0.07777046833550513
256,5.0,5.6,1.0,100.0,0.2,0.34624388150682467,-5.551115123125783e-17,0.0,0.0,0.006235101063012394,1.1202404391812159e-13,0.9644616106539327,0.9644616106539327,true,105,-0.7407719044946117,0.05,0.05,364.06124902,0.03428862161085639
256,5.0,6.0,1.0,100.0,0.2,0.3265809670409907,5.551115123125783e-17,0.0,0.0,0.9790266176388229,1.1473568588615062e-13,0.0,0.0,true,13,-0.6872876927753002,0.025,0.05,38.793107817,0.022679873886568173
256,5.0,6.4,1.0,100.0,0.2,0.3083704690925956,8.881784197001252e-16,0.0,0.0,0.7809586138600721,1.7992979894465429e-12,0.0,0.0,true,11,-0.6440554673964661,0.025,0.05,32.178495067,0.018492154054123786
256,5.0,6.8,1.0,100.0,0.2,0.29078493478428324,1.942890293094024e-16,0.0,0.0,0.34838915248880387,3.9265551210819195e-13,0.0,0.0,true,13,-0.6065357410185784,0.025,0.05,38.817791694,0.016082158795404474
256,5.0,7.2,1.0,100.0,0.2,0.27512643012025895,-7.771561172376096e-16,0.0,0.0,0.4185378771355275,1.5682494584664155e-12,0.0,0.0,true,11,-0.5735331811010005,0.025,0.05,32.973251149,0.014581058150226443
256,5.0,7.6,1.0,100.0,0.2,0.2605290396608254,-2.5146551507759796e-14,0.0,0.0,0.4678654672952698,5.0710796157610004e-11,0.0,0.0,true,11,-0.5441154965102072,0.025,0.05,32.464760657,0.01350902790241608
256,5.0,8.0,1.0,100.0,0.2,0.24748415672627855,-1.7812140651329855e-13,0.0,0.0,0.929092495210504,3.5893676031261274e-10,0.0,0.0,true,14,-0.5178138682359462,0.025,0.05,41.568493778,0.012734376113787782
256,10.0,4.0,1.0,100.0,0.2,0.3592102971757982,-1.1340260119840906e-9,0.0,0.0,0.9550899635806243,3.2792127037975958e-6,0.3639430632872665,0.3639430632872665,true,124,-1.1306462706849554,0.05,0.05,425.970731929,0.29944068347358094
256,10.0,4.4,1.0,100.0,0.2,0.35909647221961105,-7.98755506181692e-12,0.0,0.0,0.997244881488335,2.0805321501674387e-8,0.3830979613550174,0.3830979613550174,true,123,-1.0261202051388536,0.05,0.05,437.469587188,0.22382910514767565
256,10.0,4.8,1.0,100.0,0.2,0.35876807432113034,-1.6653345369377348e-16,0.0,0.0,0.9543236735607419,4.0448876384276447e-13,0.3830979613550174,0.3830979613550174,true,123,-0.9220446684380885,0.05,0.05,427.522497636,0.14877882750250798
256,10.0,5.2,1.0,100.0,0.2,0.3571426589751473,2.7755575615628914e-17,0.0,0.0,0.9744052462310471,5.85748807304698e-14,0.5485858531370599,0.5485858531370599,true,116,-0.8210256958895464,0.05,0.05,411.938007129,0.07777046833550513
256,10.0,5.6,1.0,100.0,0.2,0.34624388150682467,-5.551115123125783e-17,0.0,0.0,0.006235101063012394,1.1202404391812159e-13,0.9644616106539327,0.9644616106539327,true,105,-0.7407719044946117,0.05,0.05,370.01804272,0.03428862161085639
256,10.0,6.0,1.0,100.0,0.2,0.3265809670409907,5.551115123125783e-17,0.0,0.0,0.9790266176388229,1.1473568588615062e-13,0.0,0.0,true,13,-0.6872876927753002,0.025,0.05,38.753895417,0.022679873886568173
256,10.0,6.4,1.0,100.0,0.2,0.3083704690925956,8.881784197001252e-16,0.0,0.0,0.7809586138600721,1.7992979894465429e-12,0.0,0.0,true,11,-0.6440554673964661,0.025,0.05,32.819192485,0.018492154054123786
256,10.0,6.8,1.0,100.0,0.2,0.29078493478428324,1.942890293094024e-16,0.0,0.0,0.34838915248880387,3.9265551210819195e-13,0.0,0.0,true,13,-0.6065357410185784,0.025,0.05,39.881282092,0.016082158795404474
256,10.0,7.2,1.0,100.0,0.2,0.27512643012025895,-7.771561172376096e-16,0.0,0.0,0.4185378771355275,1.5682494584664155e-12,0.0,0.0,true,11,-0.5735331811010005,0.025,0.05,34.125536919,0.014581058150226443
256,10.0,7.6,1.0,100.0,0.2,0.2605290396608254,-2.5146551507759796e-14,0.0,0.0,0.4678654672952698,5.0710796157610004e-11,0.0,0.0,true,11,-0.5441154965102072,0.025,0.05,32.942996504,0.01350902790241608
256,10.0,8.0,1.0,100.0,0.2,0.24748415672627855,-1.7812140651329855e-13,0.0,0.0,0.929092495210504,3.5893676031261274e-10,0.0,0.0,true,14,-0.5178138682359462,0.025,0.05,42.008078072,0.012734376113787782
256,0.0,4.0,1.0,100.0,0.25,0.32812013750202285,-2.7213796546798896e-7,0.0,0.0,0.9840498641058293,0.0009897961112942813,0.42448527573963146,0.42448527573963146,true,121,-1.254404838767556,0.05,0.05,374.622516964,0.49644963419145977
256,0.0,4.4,1.0,100.0,0.25,0.3280750077312559,-3.997423814183776e-8,0.0,0.0,0.984298559811525,0.00012812263228994026,0.42448527573963146,0.42448527573963146,true,121,-1.1407227568922391,0.05,0.05,405.594289718,0.4022858966694631
256,0.0,4.8,1.0,100.0,0.25,0.32798254713041786,-1.7898357795864683e-9,0.0,0.0,0.9786521730601461,5.0929187862160876e-6,0.42448527573963146,0.42448527573963146,true,121,-1.027206272778435,0.05,0.05,417.740307928,0.30831958024944695
256,0.0,5.2,1.0,100.0,0.25,0.3277450902000453,-6.859096624012295e-12,0.0,0.0,0.9998003658692189,1.743808611241324e-8,0.4468266060417173,0.4468266060417173,true,120,-0.9142449360950118,0.05,0.05,408.943863919,0.21503902493688243
256,0.0,5.6,1.0,100.0,0.25,0.3268198134003667,-2.7755575615628914e-17,0.0,0.0,0.9659764216708444,5.982906991305662e-14,0.5211565604802069,0.5211565604802069,true,117,-0.8036153634171764,0.05,0.05,402.853302187,0.12469180521468601
256,0.0,6.0,1.0,100.0,0.25,0.3207676757441553,0.0,0.0,0.0,0.17483190768730061,2.836652072234263e-15,0.9644616106539327,0.9644616106539327,true,105,-0.7098608674205533,0.05,0.05,359.498630469,0.05588856481836253
256,0.0,6.4,1.0,100.0,0.25,0.30563825599700334,-3.430589146091734e-14,0.0,0.0,2.1904700275854339e-10,7.040632704536672e-11,0.9644616106539327,0.9644616106539327,true,105,-0.6539723634049053,0.05,0.05,365.378820414,0.03381459620098567
256,0.0,6.8,1.0,100.0,0.25,0.28888099606400736,1.5459855617905305e-14,0.0,0.0,0.9291123987583694,3.146597518577333e-11,0.0,0.0,true,8,-0.6129279579887671,0.025,0.05,24.026206615,0.026213027363390828
256,0.0,7.2,1.0,100.0,0.25,0.27386644963190176,6.139533326177116e-13,0.0,0.0,0.4123961472711768,1.2449565604350995e-9,0.0,0.0,true,7,-0.5783930831942773,0.025,0.05,21.48890949,0.02251016710122056
256,0.0,7.6,1.0,100.0,0.25,0.2603878302523756,-9.192924199652452e-13,0.0,0.0,0.5194902271110635,1.8600838220559306e-9,0.0,0.0,true,7,-0.5481904547685246,0.025,0.05,21.007487375,0.020242473842663027
256,0.0,8.0,1.0,100.0,0.25,0.247536660512394,-2.2137847111025621e-13,0.0,0.0,0.15219648864644997,4.472670038574368e-10,0.0,0.0,true,8,-0.5211885917604304,0.025,0.05,23.665935597,0.01861335195277755
256,5.0,4.0,1.0,100.0,0.25,0.32812013750202285,-2.7213796546798896e-7,0.0,0.0,0.9840498641058293,0.0009897961112942813,0.42448527573963146,0.42448527573963146,true,121,-1.254404838767556,0.05,0.05,374.423769729,0.49644963419145977
256,5.0,4.4,1.0,100.0,0.25,0.3280750077312559,-3.997423814183776e-8,0.0,0.0,0.984298559811525,0.00012812263228994026,0.42448527573963146,0.42448527573963146,true,121,-1.1407227568922391,0.05,0.05,403.972262768,0.4022858966694631
256,5.0,4.8,1.0,100.0,0.25,0.32798254713041786,-1.7898357795864683e-9,0.0,0.0,0.9786521730601461,5.0929187862160876e-6,0.42448527573963146,0.42448527573963146,true,121,-1.027206272778435,0.05,0.05,412.630939541,0.30831958024944695
256,5.0,5.2,1.0,100.0,0.25,0.3277450902000453,-6.859096624012295e-12,0.0,0.0,0.9998003658692189,1.743808611241324e-8,0.4468266060417173,0.4468266060417173,true,120,-0.9142449360950118,0.05,0.05,419.938208899,0.21503902493688243
256,5.0,5.6,1.0,100.0,0.25,0.3268198134003667,-2.7755575615628914e-17,0.0,0.0,0.9659764216708444,5.982906991305662e-14,0.5211565604802069,0.5211565604802069,true,117,-0.8036153634171764,0.05,0.05,400.537536065,0.12469180521468601
256,5.0,6.0,1.0,100.0,0.25,0.3207676757441553,0.0,0.0,0.0,0.17483190768730061,2.836652072234263e-15,0.9644616106539327,0.9644616106539327,true,105,-0.7098608674205533,0.05,0.05,364.47918943,0.05588856481836253
256,5.0,6.4,1.0,100.0,0.25,0.30563825599700334,-3.430589146091734e-14,0.0,0.0,2.1904700275854339e-10,7.040632704536672e-11,0.9644616106539327,0.9644616106539327,true,105,-0.6539723634049053,0.05,0.05,366.808587347,0.03381459620098567
256,5.0,6.8,1.0,100.0,0.25,0.28888099606400736,1.5459855617905305e-14,0.0,0.0,0.9291123987583694,3.146597518577333e-11,0.0,0.0,true,8,-0.6129279579887671,0.025,0.05,24.338078561,0.026213027363390828
256,5.0,7.2,1.0,100.0,0.25,0.27386644963190176,6.139533326177116e-13,0.0,0.0,0.4123961472711768,1.2449565604350995e-9,0.0,0.0,true,7,-0.5783930831942773,0.025,0.05,20.962276071,0.02251016710122056
256,5.0,7.6,1.0,100.0,0.25,0.2603878302523756,-9.192924199652452e-13,0.0,0.0,0.5194902271110635,1.8600838220559306e-9,0.0,0.0,true,7,-0.5481904547685246,0.025,0.05,20.928459125,0.020242473842663027
256,5.0,8.0,1.0,100.0,0.25,0.247536660512394,-2.2137847111025621e-13,0.0,0.0,0.15219648864644997,4.472670038574368e-10,0.0,0.0,true,8,-0.5211885917604304,0.025,0.05,23.538385462,0.01861335195277755
256,10.0,4.0,1.0,100.0,0.25,0.32812013750202285,-2.7213796546798896e-7,0.0,0.0,0.9840498641058293,0.0009897961112942813,0.42448527573963146,0.42448527573963146,true,121,-1.254404838767556,0.05,0.05,382.577184343,0.49644963419145977
256,10.0,4.4,1.0,100.0,0.25,0.3280750077312559,-3.997423814183776e-8,0.0,0.0,0.984298559811525,0.00012812263228994026,0.42448527573963146,0.42448527573963146,true,121,-1.1407227568922391,0.05,0.05,401.400472829,0.4022858966694631
256,10.0,4.8,1.0,100.0,0.25,0.32798254713041786,-1.7898357795864683e-9,0.0,0.0,0.9786521730601461,5.0929187862160876e-6,0.42448527573963146,0.42448527573963146,true,121,-1.027206272778435,0.05,0.05,411.900932399,0.30831958024944695
256,10.0,5.2,1.0,100.0,0.25,0.3277450902000453,-6.859096624012295e-12,0.0,0.0,0.9998003658692189,1.743808611241324e-8,0.4468266060417173,0.4468266060417173,true,120,-0.9142449360950118,0.05,0.05,407.355125136,0.21503902493688243
256,10.0,5.6,1.0,100.0,0.25,0.3268198134003667,-2.7755575615628914e-17,0.0,0.0,0.9659764216708444,5.982906991305662e-14,0.5211565604802069,0.5211565604802069,true,117,-0.8036153634171764,0.05,0.05,404.996303567,0.12469180521468601
256,10.0,6.0,1.0,100.0,0.25,0.3207676757441553,0.0,0.0,0.0,0.17483190768730061,2.836652072234263e-15,0.9644616106539327,0.9644616106539327,true,105,-0.7098608674205533,0.05,0.05,365.77648071,0.05588856481836253
256,10.0,6.4,1.0,100.0,0.25,0.30563825599700334,-3.430589146091734e-14,0.0,0.0,2.1904700275854339e-10,7.040632704536672e-11,0.9644616106539327,0.9644616106539327,true,105,-0.6539723634049053,0.05,0.05,366.797952647,0.03381459620098567
256,10.0,6.8,1.0,100.0,0.25,0.28888099606400736,1.5459855617905305e-14,0.0,0.0,0.9291123987583694,3.146597518577333e-11,0.0,0.0,true,8,-0.6129279579887671,0.025,0.05,23.901071184,0.026213027363390828
256,10.0,7.2,1.0,100.0,0.25,0.27386644963190176,6.139533326177116e-13,0.0,0.0,0.4123961472711768,1.2449565604350995e-9,0.0,0.0,true,7,-0.5783930831942773,0.025,0.05,21.14549909,0.02251016710122056
256,10.0,7.6,1.0,100.0,0.25,0.2603878302523756,-9.192924199652452e-13,0.0,0.0,0.5194902271110635,1.8600838220559306e-9,0.0,0.0,true,7,-0.5481904547685246,0.025,0.05,21.188368297,0.020242473842663027
256,10.0,8.0,1.0,100.0,0.25,0.247536660512394,-2.2137847111025621e-13,0.0,0.0,0.15219648864644997,4.472670038574368e-10,0.0,0.0,true,8,-0.5211885917604304,0.025,0.05,23.559945276,0.01861335195277755
256,0.0,4.0,1.0,100.0,0.3,0.2869646616443372,-5.3307303372329695e-6,0.0,0.0,0.9912932155895504,0.028062479153116333,0.5211565604802069,0.5211565604802069,true,117,-1.4550995106512163,0.05,0.05,351.374662534,0.795576875173152
256,0.0,4.4,1.0,100.0,0.3,0.28694772703247506,-2.923340609251035e-6,0.0,0.0,0.9946235797675396,0.013355988821177694,0.5211565604802069,0.5211565604802069,true,117,-1.3368565331097986,0.05,0.05,347.053444929,0.6889447089814847
256,0.0,4.8,1.0,100.0,0.3,0.28692067349883554,-1.24113227656375e-6,0.0,0.0,0.9974645103087987,0.004951475088433106,0.5211565604802069,0.5211565604802069,true,117,-1.2186687057917116,0.05,0.05,352.981355442,0.5823750509050966
256,0.0,5.2,1.0,100.0,0.3,0.2868735099456776,-3.4861185915779913e-7,0.0,0.0,0.9983159607853676,0.0012200027210232875,0.5211565604802069,0.5211565604802069,true,117,-1.100586831278621,0.05,0.05,374.703643921,0.4759270729031183
256,0.0,5.6,1.0,100.0,0.3,0.28678015308972954,-4.638948175594848e-8,0.0,0.0,0.9925065463484151,0.00014288788747486618,0.5211565604802069,0.5211565604802069,true,117,-0.982740042035667,0.05,0.05,391.570141403,0.36975289697241953
256,0.0,6.0,1.0,100.0,0.3,0.28655432963533356,-1.2396276227732983e-9,0.0,0.0,0.9614882806128211,3.369423180135832e-6,0.5211565604802069,0.5211565604802069,true,117,-0.8655440134273278,0.05,0.05,399.833190139,0.2643481786941978
256,0.0,6.4,1.0,100.0,0.3,0.28578714964140617,-8.699707620962727e-13,0.0,0.0,0.9465844133018653,2.095316253703751e-9,0.6078513608166869,0.6078513608166869,true,114,-0.75126871482266,0.05,0.05,387.471010437,0.16246448372351152
256,0.0,6.8,1.0,100.0,0.3,0.2817773958607015,0.0,0.0,0.0,0.3279733976145893,1.2406119228770774e-15,0.9644616106539327,0.9644616106539327,true,105,-0.6530296113954037,0.05,0.05,364.419641861,0.08007414609107197
256,0.0,7.2,1.0,100.0,0.3,0.2709463705822902,-2.7755575615628914e-17,0.0,0.0,4.5431036710397166e-7,5.784989156553567e-14,0.9644616106539327,0.9644616106539327,true,105,-0.5963144519077963,0.05,0.05,363.247694759,0.04747213634186423
256,0.0,7.6,1.0,100.0,0.3,0.2583608589678268,-6.799462382023336e-10,0.0,0.0,3.3306690738754696e-13,1.3956226251359406e-6,0.9644616106539327,0.9644616106539327,true,105,-0.5593664865351873,0.05,0.05,367.82378031,0.036314417720763
256,0.0,8.0,1.0,100.0,0.3,0.2467281748194955,1.226796442210798e-14,0.0,0.0,0.9708076989465853,2.5017411933772873e-11,0.0,0.0,true,9,-0.5297090258127983,0.025,0.05,27.429315802,0.030914829726142404
256,5.0,4.0,1.0,100.0,0.3,0.2869646616443372,-5.3307303372329695e-6,0.0,0.0,0.9912932155895504,0.028062479153116333,0.5211565604802069,0.5211565604802069,true,117,-1.4550995106512163,0.05,0.05,349.068821529,0.795576875173152
256,5.0,4.4,1.0,100.0,0.3,0.28694772703247506,-2.923340609251035e-6,0.0,0.0,0.9946235797675396,0.013355988821177694,0.5211565604802069,0.5211565604802069,true,117,-1.3368565331097986,0.05,0.05,346.571987203,0.6889447089814847
256,5.0,4.8,1.0,100.0,0.3,0.28692067349883554,-1.24113227656375e-6,0.0,0.0,0.9974645103087987,0.004951475088433106,0.5211565604802069,0.5211565604802069,true,117,-1.2186687057917116,0.05,0.05,344.553264126,0.5823750509050966
256,5.0,5.2,1.0,100.0,0.3,0.2868735099456776,-3.4861185915779913e-7,0.0,0.0,0.9983159607853676,0.0012200027210232875,0.5211565604802069,0.5211565604802069,true,117,-1.100586831278621,0.05,0.05,372.293816769,0.4759270729031183
256,5.0,5.6,1.0,100.0,0.3,0.28678015308972954,-4.638948175594848e-8,0.0,0.0,0.9925065463484151,0.00014288788747486618,0.5211565604802069,0.5211565604802069,true,117,-0.982740042035667,0.05,0.05,382.949972141,0.36975289697241953
256,5.0,6.0,1.0,100.0,0.3,0.28655432963533356,-1.2396276227732983e-9,0.0,0.0,0.9614882806128211,3.369423180135832e-6,0.5211565604802069,0.5211565604802069,true,117,-0.8655440134273278,0.05,0.05,393.209679271,0.2643481786941978
256,5.0,6.4,1.0,100.0,0.3,0.28578714964140617,-8.699707620962727e-13,0.0,0.0,0.9465844133018653,2.095316253703751e-9,0.6078513608166869,0.6078513608166869,true,114,-0.75126871482266,0.05,0.05,399.909524471,0.16246448372351152
256,5.0,6.8,1.0,100.0,0.3,0.2817773958607015,0.0,0.0,0.0,0.3279733976145893,1.2406119228770774e-15,0.9644616106539327,0.9644616106539327,true,105,-0.6530296113954037,0.05,0.05,363.313898147,0.08007414609107197
256,5.0,7.2,1.0,100.0,0.3,0.2709463705822902,-2.7755575615628914e-17,0.0,0.0,4.5431036710397166e-7,5.784989156553567e-14,0.9644616106539327,0.9644616106539327,true,105,-0.5963144519077963,0.05,0.05,360.307998971,0.04747213634186423
256,5.0,7.6,1.0,100.0,0.3,0.2583608589678268,-6.799462382023336e-10,0.0,0.0,3.3306690738754696e-13,1.3956226251359406e-6,0.9644616106539327,0.9644616106539327,true,105,-0.5593664865351873,0.05,0.05,364.206879778,0.036314417720763
256,5.0,8.0,1.0,100.0,0.3,0.2467281748194955,1.226796442210798e-14,0.0,0.0,0.9708076989465853,2.5017411933772873e-11,0.0,0.0,true,9,-0.5297090258127983,0.025,0.05,27.177686326,0.030914829726142404
256,10.0,4.0,1.0,100.0,0.3,0.2869646616443372,-5.3307303372329695e-6,0.0,0.0,0.9912932155895504,0.028062479153116333,0.5211565604802069,0.5211565604802069,true,117,-1.4550995106512163,0.05,0.05,338.262888331,0.795576875173152
256,10.0,4.4,1.0,100.0,0.3,0.28694772703247506,-2.923340609251035e-6,0.0,0.0,0.9946235797675396,0.013355988821177694,0.5211565604802069,0.5211565604802069,true,117,-1.3368565331097986,0.05,0.05,340.83022412,0.6889447089814847
256,10.0,4.8,1.0,100.0,0.3,0.28692067349883554,-1.24113227656375e-6,0.0,0.0,0.9974645103087987,0.004951475088433106,0.5211565604802069,0.5211565604802069,true,117,-1.2186687057917116,0.05,0.05,344.792022524,0.5823750509050966
256,10.0,5.2,1.0,100.0,0.3,0.2868735099456776,-3.4861185915779913e-7,0.0,0.0,0.9983159607853676,0.0012200027210232875,0.5211565604802069,0.5211565604802069,true,117,-1.100586831278621,0.05,0.05,369.938488801,0.4759270729031183
256,10.0,5.6,1.0,100.0,0.3,0.28678015308972954,-4.638948175594848e-8,0.0,0.0,0.9925065463484151,0.00014288788747486618,0.5211565604802069,0.5211565604802069,true,117,-0.982740042035667,0.05,0.05,387.48468086,0.36975289697241953
256,10.0,6.0,1.0,100.0,0.3,0.28655432963533356,-1.2396276227732983e-9,0.0,0.0,0.9614882806128211,3.369423180135832e-6,0.5211565604802069,0.5211565604802069,true,117,-0.8655440134273278,0.05,0.05,390.334465779,0.2643481786941978
256,10.0,6.4,1.0,100.0,0.3,0.28578714964140617,-8.699707620962727e-13,0.0,0.0,0.9465844133018653,2.095316253703751e-9,0.6078513608166869,0.6078513608166869,true,114,-0.75126871482266,0.05,0.05,387.195456784,0.16246448372351152
256,10.0,6.8,1.0,100.0,0.3,0.2817773958607015,0.0,0.0,0.0,0.3279733976145893,1.2406119228770774e-15,0.9644616106539327,0.9644616106539327,true,105,-0.6530296113954037,0.05,0.05,360.898896217,0.08007414609107197
256,10.0,7.2,1.0,100.0,0.3,0.2709463705822902,-2.7755575615628914e-17,0.0,0.0,4.5431036710397166e-7,5.784989156553567e-14,0.9644616106539327,0.9644616106539327,true,105,-0.5963144519077963,0.05,0.05,364.623637798,0.04747213634186423
256,10.0,7.6,1.0,100.0,0.3,0.2583608589678268,-6.799462382023336e-10,0.0,0.0,3.3306690738754696e-13,1.3956226251359406e-6,0.9644616106539327,0.9644616106539327,true,105,-0.5593664865351873,0.05,0.05,352.910949417,0.036314417720763
256,10.0,8.0,1.0,100.0,0.3,0.2467281748194955,1.226796442210798e-14,0.0,0.0,0.9708076989465853,2.5017411933772873e-11,0.0,0.0,true,9,-0.5297090258127983,0.025,0.05,27.138704646,0.030914829726142404
256,0.0,4.0,1.0,100.0,0.35,0.234680833310473,-2.2116058947085904e-5,0.0,0.0,0.9704310611260425,0.20690383716312205,0.7089679088108319,0.7089679088108319,true,111,-1.7709836004754296,0.05,0.05,321.985976206,1.238156293813627
256,0.0,4.4,1.0,100.0,0.35,0.23467480459256265,-2.007924503727443e-5,0.0,0.0,0.9744846981857846,0.1626558977547826,0.7089679088108319,0.7089679088108319,true,111,-1.6562688387652158,0.05,0.05,330.448662777,1.1291143862514321
256,0.0,4.8,1.0,100.0,0.35,0.23466673722722745,-1.7298365631773782e-5,0.0,0.0,0.9791361830371326,0.12201020648757181,0.7089679088108319,0.7089679088108319,true,111,-1.5415749754932557,0.05,0.05,326.247547376,1.020095388816364
256,0.0,5.2,1.0,100.0,0.35,0.23465560206254127,-1.3943102841584842e-5,0.0,0.0,0.9843527242335837,0.08597248753097161,0.7089679088108319,0.7089679088108319,true,111,-1.4269104954106053,0.05,0.05,321.687256804,0.9111086756289687
256,0.0,5.6,1.0,100.0,0.35,0.2346396283529257,-1.0283077079065173e-5,0.0,0.0,0.9899877220944653,0.055579139285940285,0.7089679088108319,0.7089679088108319,true,111,-1.3122898557842189,0.05,0.05,320.114365087,0.8021703165981373
256,0.0,6.0,1.0,100.0,0.35,0.23461555845002094,-6.691036316675003e-6,0.0,0.0,0.9956278503477356,0.03175068610110309,0.7089679088108319,0.7089679088108319,true,111,-1.1977391957492132,0.05,0.05,324.384105708,0.6933095361498707
256,0.0,6.4,1.0,100.0,0.35,0.23457677746691485,-3.2617515945132514e-6,0.0,0.0,0.950009401976093,0.01359346427734916,0.6735195133702903,0.6735195133702903,true,112,-1.0831508862791508,0.05,0.05,332.104360485,0.5843977099509277
256,0.0,6.8,1.0,100.0,0.35,0.23450871045934324,-1.2750703790309625e-6,0.0,0.0,0.9503157607524959,0.004665324500403499,0.6735195133702903,0.6735195133702903,true,112,-0.9689452048510367,0.05,0.05,348.211995118,0.47592318486240043
256,0.0,7.2,1.0,100.0,0.35,0.23437307777171407,-3.2625457158097504e-7,0.0,0.0,0.9878112040155873,0.0010468349858312523,0.7089679088108319,0.7089679088108319,true,111,-0.8554420074881577,0.05,0.05,363.598500183,0.3682507247746721
256,0.0,7.6,1.0,100.0,0.35,0.23404375166457908,-2.716056987650539e-8,0.0,0.0,0.9768977176095595,7.630928236122826e-5,0.74628200927456,0.74628200927456,true,110,-0.7434093359199142,0.05,0.05,363.374855794,0.26225700761324744
256,0.0,8.0,1.0,100.0,0.35,0.23298092320884906,-3.2180902387324295e-10,0.0,0.0,0.9398227961314731,7.942219384198968e-7,0.9644616106539327,0.9644616106539327,true,105,-0.6375389921673145,0.05,0.05,351.2236413,0.1633656151664912
256,5.0,4.0,1.0,100.0,0.35,0.234680833310473,-2.2116058947085904e-5,0.0,0.0,0.9704310611260425,0.20690383716312205,0.7089679088108319,0.7089679088108319,true,111,-1.7709836004754296,0.05,0.05,321.786371002,1.238156293813627
256,5.0,4.4,1.0,100.0,0.35,0.23467480459256265,-2.007924503727443e-5,0.0,0.0,0.9744846981857846,0.1626558977547826,0.7089679088108319,0.7089679088108319,true,111,-1.6562688387652158,0.05,0.05,327.171328269,1.1291143862514321
256,5.0,4.8,1.0,100.0,0.35,0.23466673722722745,-1.7298365631773782e-5,0.0,0.0,0.9791361830371326,0.12201020648757181,0.7089679088108319,0.7089679088108319,true,111,-1.5415749754932557,0.05,0.05,322.30933463,1.020095388816364
256,5.0,5.2,1.0,100.0,0.35,0.23465560206254127,-1.3943102841584842e-5,0.0,0.0,0.9843527242335837,0.08597248753097161,0.7089679088108319,0.7089679088108319,true,111,-1.4269104954106053,0.05,0.05,324.985138799,0.9111086756289687
256,5.0,5.6,1.0,100.0,0.35,0.2346396283529257,-1.0283077079065173e-5,0.0,0.0,0.9899877220944653,0.055579139285940285,0.7089679088108319,0.7089679088108319,true,111,-1.3122898557842189,0.05,0.05,314.568390977,0.8021703165981373
256,5.0,6.0,1.0,100.0,0.35,0.23461555845002094,-6.691036316675003e-6,0.0,0.0,0.9956278503477356,0.03175068610110309,0.7089679088108319,0.7089679088108319,true,111,-1.1977391957492132,0.05,0.05,314.530194878,0.6933095361498707
256,5.0,6.4,1.0,100.0,0.35,0.23457677746691485,-3.2617515945132514e-6,0.0,0.0,0.950009401976093,0.01359346427734916,0.6735195133702903,0.6735195133702903,true,112,-1.0831508862791508,0.05,0.05,315.566431356,0.5843977099509277
256,5.0,6.8,1.0,100.0,0.35,0.23450871045934324,-1.2750703790309625e-6,0.0,0.0,0.9503157607524959,0.004665324500403499,0.6735195133702903,0.6735195133702903,true,112,-0.9689452048510367,0.05,0.05,318.005374612,0.47592318486240043
256,5.0,7.2,1.0,100.0,0.35,0.23437307777171407,-3.2625457158097504e-7,0.0,0.0,0.9878112040155873,0.0010468349858312523,0.7089679088108319,0.7089679088108319,true,111,-0.8554420074881577,0.05,0.05,326.567865146,0.3682507247746721
256,5.0,7.6,1.0,100.0,0.35,0.23404375166457908,-2.716056987650539e-8,0.0,0.0,0.9768977176095595,7.630928236122826e-5,0.74628200927456,0.74628200927456,true,110,-0.7434093359199142,0.05,0.05,328.234146015,0.26225700761324744
256,5.0,8.0,1.0,100.0,0.35,0.23298092320884906,-3.2180902387324295e-10,0.0,0.0,0.9398227961314731,7.942219384198968e-7,0.9644616106539327,0.9644616106539327,true,105,-0.6375389921673145,0.05,0.05,318.794866651,0.1633656151664912
256,10.0,4.0,1.0,100.0,0.35,0.234680833310473,-2.2116058947085904e-5,0.0,0.0,0.9704310611260425,0.20690383716312205,0.7089679088108319,0.7089679088108319,true,111,-1.7709836004754296,0.05,0.05,288.30102426,1.238156293813627
256,10.0,4.4,1.0,100.0,0.35,0.23467480459256265,-2.007924503727443e-5,0.0,0.0,0.9744846981857846,0.1626558977547826,0.7089679088108319,0.7089679088108319,true,111,-1.6562688387652158,0.05,0.05,293.503719253,1.1291143862514321
256,10.0,4.8,1.0,100.0,0.35,0.23466673722722745,-1.7298365631773782e-5,0.0,0.0,0.9791361830371326,0.12201020648757181,0.7089679088108319,0.7089679088108319,true,111,-1.5415749754932557,0.05,0.05,294.443387916,1.020095388816364
256,10.0,5.2,1.0,100.0,0.35,0.23465560206254127,-1.3943102841584842e-5,0.0,0.0,0.9843527242335837,0.08597248753097161,0.7089679088108319,0.7089679088108319,true,111,-1.4269104954106053,0.05,0.05,295.501160612,0.9111086756289687
256,10.0,5.6,1.0,100.0,0.35,0.2346396283529257,-1.0283077079065173e-5,0.0,0.0,0.9899877220944653,0.055579139285940285,0.7089679088108319,0.7089679088108319,true,111,-1.3122898557842189,0.05,0.05,294.621499454,0.8021703165981373
256,10.0,6.0,1.0,100.0,0.35,0.23461555845002094,-6.691036316675003e-6,0.0,0.0,0.9956278503477356,0.03175068610110309,0.7089679088108319,0.7089679088108319,true,111,-1.1977391957492132,0.05,0.05,293.42013132,0.6933095361498707
256,10.0,6.4,1.0,100.0,0.35,0.23457677746691485,-3.2617515945132514e-6,0.0,0.0,0.950009401976093,0.01359346427734916,0.6735195133702903,0.6735195133702903,true,112,-1.0831508862791508,0.05,0.05,301.094104497,0.5843977099509277
256,10.0,6.8,1.0,100.0,0.35,0.23450871045934324,-1.2750703790309625e-6,0.0,0.0,0.9503157607524959,0.004665324500403499,0.6735195133702903,0.6735195133702903,true,112,-0.9689452048510367,0.05,0.05,314.888904427,0.47592318486240043
256,10.0,7.2,1.0,100.0,0.35,0.23437307777171407,-3.2625457158097504e-7,0.0,0.0,0.9878112040155873,0.0010468349858312523,0.7089679088108319,0.7089679088108319,true,111,-0.8554420074881577,0.05,0.05,326.786688403,0.3682507247746721
256,10.0,7.6,1.0,100.0,0.35,0.23404375166457908,-2.716056987650539e-8,0.0,0.0,0.9768977176095595,7.630928236122826e-5,0.74628200927456,0.74628200927456,true,110,-0.7434093359199142,0.05,0.05,327.957241478,0.26225700761324744
256,10.0,8.0,1.0,100.0,0.35,0.23298092320884906,-3.2180902387324295e-10,0.0,0.0,0.9398227961314731,7.942219384198968e-7,0.9644616106539327,0.9644616106539327,true,105,-0.6375389921673145,0.05,0.05,318.318277133,0.1633656151664912
256,0.0,4.0,1.0,100.0,0.4,0.1701800781742135,-2.7829481727720262e-5,0.0,0.0,0.6868533450694048,0.6351471750671828,0.9644616106539327,0.9644616106539327,true,105,-2.2525643230141856,0.05,0.05,272.950806967,1.8751056014752319
256,0.0,4.4,1.0,100.0,0.4,0.1701781062424811,-2.9824767890512804e-5,0.0,0.0,0.6896403407294915,0.595216369808057,0.9644616106539327,0.9644616106539327,true,105,-2.154189833882103,0.05,0.05,271.672195399,1.7786719615758577
256,0.0,4.8,1.0,100.0,0.4,0.17017578644125966,-3.1529026669613325e-5,0.0,0.0,0.6929672336905557,0.5539115005335099,0.9644616106539327,0.9644616106539327,true,105,-2.0558239287605065,0.05,0.05,273.494379564,1.682247496904841
256,0.0,5.2,1.0,100.0,0.4,0.17017303172170073,-3.2886089958134024e-5,0.0,0.0,0.6969181576676475,0.5112627722938501,0.9644616106539327,0.9644616106539327,true,105,-1.9574683973401206,0.05,0.05,276.011179314,1.5858341282163617
256,0.0,5.6,1.0,100.0,0.4,0.1701697260318431,-3.3832841576042494e-5,0.0,0.0,0.7015920328782288,0.46733724565486506,0.9644616106539327,0.9644616106539327,true,105,-1.8591255759342158,0.05,0.05,272.004261268,1.489434365554675
256,0.0,6.0,1.0,100.0,0.4,0.1701657119144615,-3.429975772645255e-5,0.0,0.0,0.7071049607628721,0.4222529604841352,0.9644616106539327,0.9644616106539327,true,105,-1.7607985597995282,0.05,0.05,272.243449901,1.3930515377674737
256,0.0,6.4,1.0,100.0,0.4,0.17016077145792452,-3.421252482171955e-5,0.0,0.0,0.7135920182111399,0.3761977982753728,0.9644616106539327,0.9644616106539327,true,105,-1.6624915137415706,0.05,0.05,277.323002616,1.2966901283329568
256,0.0,6.8,1.0,100.0,0.4,0.17015459620621212,-3.349530979879223e-5,0.0,0.0,0.7212086213384539,0.32945298474749357,0.9644616106539327,0.9644616106539327,true,105,-1.56421014436748,0.05,0.05,274.239930664,1.2003562862722366
256,0.0,7.2,1.0,100.0,0.4,0.17014673808624725,-3.207665145293914e-5,0.0,0.0,0.7301303441307749,0.2824224121338793,0.9644616106539327,0.9644616106539327,true,105,-1.4659624438015117,0.05,0.05,275.64535917,1.1040586314060732
256,0.0,7.6,1.0,100.0,0.4,0.1701365263811275,-2.9899382027603894e-5,0.0,0.0,0.7405480897043626,0.23566835556434151,0.9644616106539327,0.9644616106539327,true,105,-1.3677599063533432,0.05,0.05,279.586464648,1.0078095730134933
256,0.0,8.0,1.0,100.0,0.4,0.17012292111731053,-2.6936801217875006e-5,0.0,0.0,0.7526445394454573,0.18995468561487514,0.9644616106539327,0.9644616106539327,true,105,-1.2696195740213265,0.05,0.05,276.753498926,0.9116275286728834
256,5.0,4.0,1.0,100.0,0.4,0.1701800781742135,-2.7829481727720262e-5,0.0,0.0,0.6868533450694048,0.6351471750671828,0.9644616106539327,0.9644616106539327,true,105,-2.2525643230141856,0.05,0.05,270.62756127,1.8751056014752319
256,5.0,4.4,1.0,100.0,0.4,0.1701781062424811,-2.9824767890512804e-5,0.0,0.0,0.6896403407294915,0.595216369808057,0.9644616106539327,0.9644616106539327,true,105,-2.154189833882103,0.05,0.05,270.724428519,1.7786719615758577
256,5.0,4.8,1.0,100.0,0.4,0.17017578644125966,-3.1529026669613325e-5,0.0,0.0,0.6929672336905557,0.5539115005335099,0.9644616106539327,0.9644616106539327,true,105,-2.0558239287605065,0.05,0.05,269.106094581,1.682247496904841
256,5.0,5.2,1.0,100.0,0.4,0.17017303172170073,-3.2886089958134024e-5,0.0,0.0,0.6969181576676475,0.5112627722938501,0.9644616106539327,0.9644616106539327,true,105,-1.9574683973401206,0.05,0.05,271.892599373,1.5858341282163617
256,5.0,5.6,1.0,100.0,0.4,0.1701697260318431,-3.3832841576042494e-5,0.0,0.0,0.7015920328782288,0.46733724565486506,0.9644616106539327,0.9644616106539327,true,105,-1.8591255759342158,0.05,0.05,272.934050864,1.489434365554675
256,5.0,6.0,1.0,100.0,0.4,0.1701657119144615,-3.429975772645255e-5,0.0,0.0,0.7071049607628721,0.4222529604841352,0.9644616106539327,0.9644616106539327,true,105,-1.7607985597995282,0.05,0.05,273.460971756,1.3930515377674737
256,5.0,6.4,1.0,100.0,0.4,0.17016077145792452,-3.421252482171955e-5,0.0,0.0,0.7135920182111399,0.3761977982753728,0.9644616106539327,0.9644616106539327,true,105,-1.6624915137415706,0.05,0.05,276.552267248,1.2966901283329568
256,5.0,6.8,1.0,100.0,0.4,0.17015459620621212,-3.349530979879223e-5,0.0,0.0,0.7212086213384539,0.32945298474749357,0.9644616106539327,0.9644616106539327,true,105,-1.56421014436748,0.05,0.05,277.532759987,1.2003562862722366
256,5.0,7.2,1.0,100.0,0.4,0.17014673808624725,-3.207665145293914e-5,0.0,0.0,0.7301303441307749,0.2824224121338793,0.9644616106539327,0.9644616106539327,true,105,-1.4659624438015117,0.05,0.05,277.231340046,1.1040586314060732
256,5.0,7.6,1.0,100.0,0.4,0.1701365263811275,-2.9899382027603894e-5,0.0,0.0,0.7405480897043626,0.23566835556434151,0.9644616106539327,0.9644616106539327,true,105,-1.3677599063533432,0.05,0.05,276.84043135,1.0078095730134933
256,5.0,8.0,1.0,100.0,0.4,0.17012292111731053,-2.6936801217875006e-5,0.0,0.0,0.7526445394454573,0.18995468561487514,0.9644616106539327,0.9644616106539327,true,105,-1.2696195740213265,0.05,0.05,276.077330449,0.9116275286728834
256,10.0,4.0,1.0,100.0,0.4,0.1701800781742135,-2.7829481727720262e-5,0.0,0.0,0.6868533450694048,0.6351471750671828,0.9644616106539327,0.9644616106539327,true,105,-2.2525643230141856,0.05,0.05,273.169904749,1.8751056014752319
256,10.0,4.4,1.0,100.0,0.4,0.1701781062424811,-2.9824767890512804e-5,0.0,0.0,0.6896403407294915,0.595216369808057,0.9644616106539327,0.9644616106539327,true,105,-2.154189833882103,0.05,0.05,270.004784207,1.7786719615758577
256,10.0,4.8,1.0,100.0,0.4,0.17017578644125966,-3.1529026669613325e-5,0.0,0.0,0.6929672336905557,0.5539115005335099,0.9644616106539327,0.9644616106539327,true,105,-2.0558239287605065,0.05,0.05,269.540445487,1.682247496904841
256,10.0,5.2,1.0,100.0,0.4,0.17017303172170073,-3.2886089958134024e-5,0.0,0.0,0.6969181576676475,0.5112627722938501,0.9644616106539327,0.9644616106539327,true,105,-1.9574683973401206,0.05,0.05,273.820879306,1.5858341282163617
256,10.0,5.6,1.0,100.0,0.4,0.1701697260318431,-3.3832841576042494e-5,0.0,0.0,0.7015920328782288,0.46733724565486506,0.9644616106539327,0.9644616106539327,true,105,-1.8591255759342158,0.05,0.05,274.028791227,1.489434365554675
256,10.0,6.0,1.0,100.0,0.4,0.1701657119144615,-3.429975772645255e-5,0.0,0.0,0.7071049607628721,0.4222529604841352,0.9644616106539327,0.9644616106539327,true,105,-1.7607985597995282,0.05,0.05,274.721415445,1.3930515377674737
256,10.0,6.4,1.0,100.0,0.4,0.17016077145792452,-3.421252482171955e-5,0.0,0.0,0.7135920182111399,0.3761977982753728,0.9644616106539327,0.9644616106539327,true,105,-1.6624915137415706,0.05,0.05,275.998818112,1.2966901283329568
256,10.0,6.8,1.0,100.0,0.4,0.17015459620621212,-3.349530979879223e-5,0.0,0.0,0.7212086213384539,0.32945298474749357,0.9644616106539327,0.9644616106539327,true,105,-1.56421014436748,0.05,0.05,275.385300585,1.2003562862722366
256,10.0,7.2,1.0,100.0,0.4,0.17014673808624725,-3.207665145293914e-5,0.0,0.0,0.7301303441307749,0.2824224121338793,0.9644616106539327,0.9644616106539327,true,105,-1.4659624438015117,0.05,0.05,277.092910744,1.1040586314060732
256,10.0,7.6,1.0,100.0,0.4,0.1701365263811275,-2.9899382027603894e-5,0.0,0.0,0.7405480897043626,0.23566835556434151,0.9644616106539327,0.9644616106539327,true,105,-1.3677599063533432,0.05,0.05,278.946149738,1.0078095730134933
256,10.0,8.0,1.0,100.0,0.4,0.17012292111731053,-2.6936801217875006e-5,0.0,0.0,0.7526445394454573,0.18995468561487514,0.9644616106539327,0.9644616106539327,true,105,-1.2696195740213265,0.05,0.05,278.380759662,0.9116275286728834
256,0.0,4.0,1.0,100.0,0.45,0.09233899845688445,-8.337469814823084e-6,0.0,0.0,0.07147120810369056,0.8838649677122976,0.9644616106539327,0.9644616106539327,true,105,-2.965546774103497,0.05,0.05,265.450735557,2.7686602106164644
256,0.0,4.4,1.0,100.0,0.45,0.09233849442010203,-9.26439538542767e-6,0.0,0.0,0.07082635403252158,0.8740369246201221,0.9644616106539327,0.9644616106539327,true,105,-2.902536863406495,0.05,0.05,262.654573731,2.705924069814798
256,0.0,4.8,1.0,100.0,0.45,0.09233795435158768,-1.0207078529389513e-5,0.0,0.0,0.07006307412793511,0.8638049091671316,0.9644616106539327,0.9644616106539327,true,105,-2.8395289919650972,0.05,0.05,263.067594376,2.643190034996365
256,0.0,5.2,1.0,100.0,0.45,0.09233737470952816,-1.1164772857452654e-5,0.0,0.0,0.06916279200427922,0.853138786513576,0.9644616106539327,0.9644616106539327,true,105,-2.7765234439695523,0.05,0.05,262.90291469,2.580458402401616
256,0.0,5.6,1.0,100.0,0.45,0.09233675150618328,-1.2136514930094489e-5,0.0,0.0,0.06810359084324924,0.8420056877479779,0.9644616106539327,0.9644616106539327,true,105,-2.713520556333532,0.05,0.05,267.005058969,2.517729523485722
256,0.0,6.0,1.0,100.0,0.45,0.09233608023941886,-1.3121029698082154e-5,0.0,0.0,0.06685785574214731,0.8303664290551966,0.9644616106539327,0.9644616106539327,true,105,-2.6505207377206372,0.05,0.05,261.317864962,2.4550038249119774
256,0.0,6.4,1.0,100.0,0.45,0.0923353558115719,-1.4116678304032515e-5,0.0,0.0,0.06539143815431636,0.8181765148558248,0.9644616106539327,0.9644616106539327,true,105,-2.5875244846874943,0.05,0.05,271.6753094,2.3922818255043183
256,0.0,6.8,1.0,100.0,0.45,0.09233457243331684,-1.5121330367628971e-5,0.0,0.0,0.06366073505895131,0.8053831802552357,0.9644616106539327,0.9644616106539327,true,105,-2.524532411364091,0.05,0.05,267.700164202,2.3295641674440533
256,0.0,7.2,1.0,100.0,0.45,0.09233372350924592,-1.6132194349260942e-5,0.0,0.0,0.061608390942935465,0.7919223069401031,0.9644616106539327,0.9644616106539327,true,105,-2.4615452933766573,0.05,0.05,265.964857914,2.2668516624519826
256,0.0,7.6,1.0,100.0,0.45,0.09233280150128706,-1.7145572232646344e-5,0.0,0.0,0.05915674904283241,0.7777140670267753,0.9644616106539327,0.9644616106539327,true,105,-2.398564134605029,0.05,0.05,266.508028465,2.2041453619989446
256,0.0,8.0,1.0,100.0,0.45,0.09233179776563549,-1.815644378350134e-5,0.0,0.0,0.0561957108136113,0.7626543457243409,0.9644616106539327,0.9644616106539327,true,105,-2.335590283560242,0.05,0.05,264.906339402,2.141446679739979
256,5.0,4.0,1.0,100.0,0.45,0.09233899845688445,-8.337469814823084e-6,0.0,0.0,0.07147120810369056,0.8838649677122976,0.9644616106539327,0.9644616106539327,true,105,-2.965546774103497,0.05,0.05,262.460955469,2.7686602106164644
256,5.0,4.4,1.0,100.0,0.45,0.09233849442010203,-9.26439538542767e-6,0.0,0.0,0.07082635403252158,0.8740369246201221,0.9644616106539327,0.9644616106539327,true,105,-2.902536863406495,0.05,0.05,265.9115729,2.705924069814798
256,5.0,4.8,1.0,100.0,0.45,0.09233795435158768,-1.0207078529389513e-5,0.0,0.0,0.07006307412793511,0.8638049091671316,0.9644616106539327,0.9644616106539327,true,105,-2.8395289919650972,0.05,0.05,264.58969897,2.643190034996365
256,5.0,5.2,1.0,100.0,0.45,0.09233737470952816,-1.1164772857452654e-5,0.0,0.0,0.06916279200427922,0.853138786513576,0.9644616106539327,0.9644616106539327,true,105,-2.7765234439695523,0.05,0.05,265.544164527,2.580458402401616
256,5.0,5.6,1.0,100.0,0.45,0.09233675150618328,-1.2136514930094489e-5,0.0,0.0,0.06810359084324924,0.8420056877479779,0.9644616106539327,0.9644616106539327,true,105,-2.713520556333532,0.05,0.05,263.728998298,2.517729523485722
256,5.0,6.0,1.0,100.0,0.45,0.09233608023941886,-1.3121029698082154e-5,0.0,0.0,0.06685785574214731,0.8303664290551966,0.9644616106539327,0.9644616106539327,true,105,-2.6505207377206372,0.05,0.05,265.148655586,2.4550038249119774
256,5.0,6.4,1.0,100.0,0.45,0.0923353558115719,-1.4116678304032515e-5,0.0,0.0,0.06539143815431636,0.8181765148558248,0.9644616106539327,0.9644616106539327,true,105,-2.5875244846874943,0.05,0.05,264.945945527,2.3922818255043183
256,5.0,6.8,1.0,100.0,0.45,0.09233457243331684,-1.5121330367628971e-5,0.0,0.0,0.06366073505895131,0.8053831802552357,0.9644616106539327,0.9644616106539327,true,105,-2.524532411364091,0.05,0.05,264.194184329,2.3295641674440533
256,5.0,7.2,1.0,100.0,0.45,0.09233372350924592,-1.6132194349260942e-5,0.0,0.0,0.061608390942935465,0.7919223069401031,0.9644616106539327,0.9644616106539327,true,105,-2.4615452933766573,0.05,0.05,267.215729049,2.2668516624519826
256,5.0,7.6,1.0,100.0,0.45,0.09233280150128706,-1.7145572232646344e-5,0.0,0.0,0.05915674904283241,0.7777140670267753,0.9644616106539327,0.9644616106539327,true,105,-2.398564134605029,0.05,0.05,268.175231928,2.2041453619989446
256,5.0,8.0,1.0,100.0,0.45,0.09233179776563549,-1.815644378350134e-5,0.0,0.0,0.0561957108136113,0.7626543457243409,0.9644616106539327,0.9644616106539327,true,105,-2.335590283560242,0.05,0.05,263.256072845,2.141446679739979
256,10.0,4.0,1.0,100.0,0.45,0.09233899845688445,-8.337469814823084e-6,0.0,0.0,0.07147120810369056,0.8838649677122976,0.9644616106539327,0.9644616106539327,true,105,-2.965546774103497,0.05,0.05,260.854428282,2.7686602106164644
256,10.0,4.4,1.0,100.0,0.45,0.09233849442010203,-9.26439538542767e-6,0.0,0.0,0.07082635403252158,0.8740369246201221,0.9644616106539327,0.9644616106539327,true,105,-2.902536863406495,0.05,0.05,265.346313498,2.705924069814798
256,10.0,4.8,1.0,100.0,0.45,0.09233795435158768,-1.0207078529389513e-5,0.0,0.0,0.07006307412793511,0.8638049091671316,0.9644616106539327,0.9644616106539327,true,105,-2.8395289919650972,0.05,0.05,265.003041815,2.643190034996365
256,10.0,5.2,1.0,100.0,0.45,0.09233737470952816,-1.1164772857452654e-5,0.0,0.0,0.06916279200427922,0.853138786513576,0.9644616106539327,0.9644616106539327,true,105,-2.7765234439695523,0.05,0.05,266.212002719,2.580458402401616
256,10.0,5.6,1.0,100.0,0.45,0.09233675150618328,-1.2136514930094489e-5,0.0,0.0,0.06810359084324924,0.8420056877479779,0.9644616106539327,0.9644616106539327,true,105,-2.713520556333532,0.05,0.05,267.428655799,2.517729523485722
256,10.0,6.0,1.0,100.0,0.45,0.09233608023941886,-1.3121029698082154e-5,0.0,0.0,0.06685785574214731,0.8303664290551966,0.9644616106539327,0.9644616106539327,true,105,-2.6505207377206372,0.05,0.05,266.244772258,2.4550038249119774
256,10.0,6.4,1.0,100.0,0.45,0.0923353558115719,-1.4116678304032515e-5,0.0,0.0,0.06539143815431636,0.8181765148558248,0.9644616106539327,0.9644616106539327,true,105,-2.5875244846874943,0.05,0.05,265.678779475,2.3922818255043183
256,10.0,6.8,1.0,100.0,0.45,0.09233457243331684,-1.5121330367628971e-5,0.0,0.0,0.06366073505895131,0.8053831802552357,0.9644616106539327,0.9644616106539327,true,105,-2.524532411364091,0.05,0.05,265.772317668,2.3295641674440533
256,10.0,7.2,1.0,100.0,0.45,0.09233372350924592,-1.6132194349260942e-5,0.0,0.0,0.061608390942935465,0.7919223069401031,0.9644616106539327,0.9644616106539327,true,105,-2.4615452933766573,0.05,0.05,269.303424361,2.2668516624519826
256,10.0,7.6,1.0,100.0,0.45,0.09233280150128706,-1.7145572232646344e-5,0.0,0.0,0.05915674904283241,0.7777140670267753,0.9644616106539327,0.9644616106539327,true,105,-2.398564134605029,0.05,0.05,266.758474,2.2041453619989446
256,10.0,8.0,1.0,100.0,0.45,0.09233179776563549,-1.815644378350134e-5,0.0,0.0,0.0561957108136113,0.7626543457243409,0.9644616106539327,0.9644616106539327,true,105,-2.335590283560242,0.05,0.05,268.274120752,2.141446679739979
